FIPS CODE,row,pct
32003,3872629,2.6
6065,3874801,2.6
6059,4276990,2.9
6073,4333267,2.9
12025,4372574,2.9
6067,7145178,4.8
6001,8283412,5.5
12099,8331219,5.6
6085,8647794,5.8
4013,9738990,6.5
53033,10214855,6.8
12071,12176792,8.1
17031,13147187,8.8
42101,13488530,9.0
12057,13806991,9.2
48439,13907464,9.3
26125,16115714,10.7
26163,16773346,11.2
12011,17536853,11.7
12095,18025556,12.0
12103,18291095,12.2
48029,19307083,12.9
53053,19712410,13.1
6013,20605071,13.7
53061,20699845,13.8
6071,20737846,13.8
6037,21009441,14.0
12031,21062797,14.0
15003,21525778,14.3
51059,22552132,15.0
36103,22817814,15.2
6029,22913432,15.3
17043,23045573,15.4
8059,24076725,16.0
39035,24382877,16.3
36081,24755486,16.5
48113,25761005,17.2
37119,25841344,17.2
39049,26205847,17.5
4019,26263845,17.5
42091,26637875,17.8
12127,27886666,18.6
25017,28052214,18.7
6077,28564161,19.0
6081,28612269,19.1
24033,28815956,19.2
6019,29088526,19.4
24031,29674007,19.8
48453,31659080,21.1
17197,31740261,21.2
36047,32057612,21.4
49035,32598128,21.7
42017,32728620,21.8
37183,32801258,21.9
48201,32960089,22.0
42003,33021842,22.0
8005,33700953,22.5
55079,33779966,22.5
12015,34476771,23.0
26099,34593118,23.1
29095,34744139,23.2
12101,34862990,23.2
47157,35227261,23.5
12009,35465887,23.6
17097,35847047,23.9
12105,36604523,24.4
13135,37157163,24.8
41051,37204526,24.8
13067,37565250,25.0
13121,37695586,25.1
34025,37920963,25.3
29189,37991509,25.3
6099,38150528,25.4
35001,38168482,25.4
42045,38648521,25.8
45019,39123859,26.1
47037,39174403,26.1
24003,39226378,26.1
13089,39253541,26.2
24005,40181113,26.8
34029,40219653,26.8
27053,41061572,27.4
40109,41249851,27.5
6111,41601201,27.7
8041,41715103,27.8
34003,41809032,27.9
12115,41838698,27.9
17089,42011632,28.0
41067,42054012,28.0
45079,42804286,28.5
25009,42883440,28.6
4021,42938740,28.6
10003,43121668,28.7
49049,43232826,28.8
6097,43536521,29.0
12021,43677322,29.1
48141,43808033,29.2
36061,44200278,29.5
42029,44281313,29.5
48085,44897958,29.9
36119,45081790,30.1
39061,45595465,30.4
32031,45742102,30.5
9009,45806965,30.5
36059,45809580,30.5
39153,46503047,31.0
9003,46606753,31.1
47065,47088728,31.4
12083,47221546,31.5
53063,47393668,31.6
25027,47408903,31.6
48157,48024012,32.0
36029,48455859,32.3
34023,48763886,32.5
48339,48781883,32.5
29183,48887300,32.6
8031,49075260,32.7
48121,49416534,32.9
40143,49592768,33.1
6061,49751761,33.2
8035,50073224,33.4
41047,50127060,33.4
8001,50394516,33.6
45051,50413349,33.6
45045,50499348,33.7
6079,50709700,33.8
12081,50950400,34.0
12069,51291027,34.2
16001,51300391,34.2
6075,51439203,34.3
41005,51531722,34.4
6095,51943752,34.6
6007,52427086,34.9
9001,52716833,35.1
48215,52772795,35.2
53011,53020686,35.3
51107,53045001,35.4
1073,53112859,35.4
39113,53389121,35.6
34005,53477994,35.6
25025,53799030,35.9
12111,54427913,36.3
34013,54462035,36.3
20091,54721065,36.5
4015,54734417,36.5
27123,55010998,36.7
51153,55109151,36.7
18097,55178587,36.8
12117,55635990,37.1
6107,55745613,37.2
6041,56065517,37.4
41039,56109752,37.4
11001,56183433,37.5
20173,56251666,37.5
42095,56263484,37.5
6083,56626637,37.7
19153,56855510,37.9
21111,57504618,38.3
8069,57615105,38.4
34027,57734500,38.5
39095,57773479,38.5
12097,57815663,38.5
17111,57990106,38.7
36055,58020010,38.7
15009,58217019,38.8
31055,58683352,39.1
6053,58780622,39.2
12017,58797014,39.2
51810,58955876,39.3
39151,59011627,39.3
39017,59158257,39.4
18089,59873389,39.9
27037,60000537,40.0
44007,60115139,40.1
25021,60201373,40.1
25005,60240977,40.2
42071,60555513,40.4
12033,60778510,40.5
6017,60912917,40.6
6047,60998720,40.7
42043,61089286,40.7
24510,61174117,40.8
34039,61313588,40.9
25023,61624605,41.1
34031,61647159,41.1
6087,61776838,41.2
12109,61814569,41.2
42129,62186612,41.5
34035,62232697,41.5
53035,62313506,41.5
34007,62538331,41.7
18057,62803709,41.9
17201,62846598,41.9
22033,63015954,42.0
15001,63409138,42.3
26065,63447508,42.3
37081,63469417,42.3
42011,63543330,42.4
55133,63734197,42.5
45013,63848590,42.6
34017,63907490,42.6
53067,64204075,42.8
8013,64423025,42.9
8123,64606701,43.1
48491,64705041,43.1
24027,64735502,43.2
13063,64798891,43.2
39093,64860006,43.2
25001,65222609,43.5
12055,65246611,43.5
37067,65484971,43.7
13057,65506815,43.7
29510,65591033,43.7
49057,65702616,43.8
34021,65870571,43.9
37021,66182942,44.1
36005,66413301,44.3
26081,66565696,44.4
4025,66598974,44.4
39085,66658534,44.4
5143,66737292,44.5
8101,66872652,44.6
55025,66997809,44.7
47165,67125834,44.7
34015,67173791,44.8
6089,67305279,44.9
12005,67367964,44.9
51041,67529771,45.0
5119,67851366,45.2
39165,68087082,45.4
49011,68153383,45.4
48061,68358365,45.6
5007,68465175,45.6
47093,68502863,45.7
12091,68589611,45.7
31153,68704815,45.8
34001,68742648,45.8
47149,68836439,45.9
42049,68911369,45.9
41017,69454646,46.3
17167,69624298,46.4
39099,69763688,46.5
27137,69796683,46.5
26049,69830647,46.5
26161,69858082,46.6
42077,70009302,46.7
37019,70142727,46.8
36087,70153222,46.8
12061,70470804,47.0
1101,70518736,47.0
33015,70592053,47.1
17119,70912205,47.3
31109,71089673,47.4
53073,71139502,47.4
42133,71165123,47.4
1089,71306324,47.5
29099,71505641,47.7
36085,71569701,47.7
25013,71765067,47.8
4027,71863075,47.9
2020,71921413,47.9
39155,72067019,48.0
45063,72223133,48.1
17143,72294271,48.2
29077,72369320,48.2
48167,72709971,48.5
42089,72750593,48.5
42125,72759824,48.5
4005,72778219,48.5
12073,72965592,48.6
12019,73138900,48.8
17163,73385433,48.9
48091,73440227,49.0
12035,73457547,49.0
37051,73467023,49.0
41029,73486208,49.0
49053,73864229,49.2
6057,73948954,49.3
37179,74007162,49.3
34037,74070506,49.4
1097,74138832,49.4
53057,74145800,49.4
45007,74290741,49.5
1003,74561324,49.7
51550,74597595,49.7
35043,74860600,49.9
24025,74906087,49.9
24021,75000651,50.0
51760,75014084,50.0
33011,75117611,50.1
6025,75269575,50.2
41071,75389155,50.3
45083,75405136,50.3
24013,75606496,50.4
1117,75660888,50.4
12053,75684118,50.5
13051,75743239,50.5
48303,75960381,50.6
13117,76255851,50.8
5051,76275951,50.8
4003,76314692,50.9
6113,76321123,50.9
12085,76336685,50.9
17099,76350884,50.9
51087,76514023,51.0
30029,76707071,51.1
6055,76723401,51.1
6023,76773492,51.2
55009,76864028,51.2
13151,76948659,51.3
36071,77071956,51.4
13223,77323698,51.5
6045,77330399,51.5
27003,77345235,51.6
8077,77404138,51.6
40027,77431798,51.6
12087,77657687,51.8
51710,77684150,51.8
48039,77838718,51.9
42007,77997347,52.0
36111,78037822,52.0
48423,78238711,52.2
12001,78282079,52.2
39041,78453423,52.3
29019,78520077,52.3
34019,78570454,52.4
12113,78622744,52.4
22051,78641094,52.4
51013,79083959,52.7
23005,79143938,52.8
9011,79190880,52.8
47187,79237179,52.8
47155,79248145,52.8
12107,79393307,52.9
35061,79431855,52.9
26121,79737715,53.2
4017,79829861,53.2
48209,79920663,53.3
16027,79925329,53.3
18003,80090928,53.4
36027,80159324,53.4
55101,80168376,53.4
34009,80274552,53.5
20177,80489669,53.7
39057,80520418,53.7
19113,80637270,53.8
17179,80698623,53.8
37101,80726869,53.8
26093,80784130,53.9
12131,80814477,53.9
6103,80921109,53.9
53077,81052998,54.0
35013,81142980,54.1
6039,81183738,54.1
26077,81300090,54.2
22103,81333985,54.2
37063,81750301,54.5
29071,81765034,54.5
37071,81816975,54.5
13115,81878232,54.6
6033,81887711,54.6
45015,81953378,54.6
48355,82019416,54.7
36079,82120941,54.7
48027,82240903,54.8
51510,82295893,54.9
18127,82487239,55.0
45003,82512059,55.0
26139,82577646,55.0
37097,82745281,55.2
37025,82780958,55.2
30111,82828162,55.2
35049,82878509,55.2
47125,82963319,55.3
5125,83018864,55.3
18039,83131637,55.4
48329,83238130,55.5
39025,83353423,55.6
29047,83458826,55.6
45091,83555999,55.7
20209,83590733,55.7
37129,83694359,55.8
28049,83813402,55.9
13245,83867470,55.9
27171,84106986,56.1
23031,84116374,56.1
13153,84192919,56.1
26145,84210239,56.1
24017,84254614,56.2
37135,84337942,56.2
6115,84356034,56.2
12119,84373176,56.2
16055,84503208,56.3
37151,84603448,56.4
39133,84898130,56.6
37133,84974613,56.6
36001,85043743,56.7
10001,85154761,56.8
36067,85216204,56.8
53007,85260833,56.8
13097,85272403,56.8
19049,85353732,56.9
10005,85442196,57.0
39045,85604110,57.1
25003,85718607,57.1
9005,85828419,57.2
17093,85871660,57.2
37035,85904403,57.3
13139,85924460,57.3
6109,86016585,57.3
42069,86019284,57.3
24043,86190958,57.5
39089,86220604,57.5
18091,86266886,57.5
55087,86339972,57.6
48187,86553982,57.7
36063,86604682,57.7
41043,86664525,57.8
21117,86954384,58.0
17019,86959519,58.0
42079,86984381,58.0
48245,87024978,58.0
39023,87092020,58.1
17161,87200581,58.1
5131,87214927,58.1
26115,87259013,58.2
41011,87268912,58.2
51179,87448892,58.3
13073,87505783,58.3
47179,87508341,58.3
6009,87528878,58.3
39173,87582240,58.4
17113,87808584,58.5
22055,87860394,58.6
42107,87883539,58.6
15007,87895580,58.6
13077,87957633,58.6
55073,88051016,58.7
5135,88091921,58.7
45035,88165633,58.8
51700,88357906,58.9
2170,88364354,58.9
8117,88425137,58.9
26147,88548147,59.0
22017,88620852,59.1
30031,88634165,59.1
42019,88692500,59.1
23011,88863925,59.2
47163,88893541,59.3
34011,88961938,59.3
51177,89064817,59.4
53041,89066751,59.4
18163,89086889,59.4
36091,89297042,59.5
53029,89306476,59.5
37147,89389713,59.6
24009,89396598,59.6
40017,89426761,59.6
48041,89627229,59.7
13113,89783230,59.8
29165,89814727,59.9
48213,89821424,59.9
55071,89830819,59.9
22071,89904519,59.9
44003,90010083,60.0
47035,90199080,60.1
13015,90230782,60.1
48309,90261427,60.2
29213,90268503,60.2
13215,90319565,60.2
39103,90500286,60.3
6031,90507767,60.3
19163,90537059,60.4
21037,90544053,60.4
39003,90666007,60.4
33017,90684192,60.5
5045,90694075,60.5
34041,90878798,60.6
47011,90893006,60.6
38017,90958226,60.6
21067,91042828,60.7
51085,91175780,60.8
8014,91199885,60.8
37085,91245658,60.8
41019,91254696,60.8
37057,91299145,60.9
13045,91459311,61.0
55139,91477866,61.0
48397,91587207,61.1
37055,91617749,61.1
18157,91667882,61.1
53005,91697211,61.1
26021,91737373,61.2
24047,91896326,61.3
13297,91940912,61.3
25015,92010628,61.3
56021,92030597,61.3
24015,92035042,61.4
39007,92055568,61.4
51003,92363040,61.6
47009,92476238,61.6
42041,92499985,61.7
12089,92572929,61.7
41035,92594588,61.7
22019,92609569,61.7
28033,92612278,61.7
37001,92626507,61.7
55055,92822855,61.9
48257,92857280,61.9
28089,92931134,61.9
48441,92958655,62.0
51650,93021178,62.0
37031,93032413,62.0
48367,93081198,62.0
37159,93158851,62.1
33001,93161591,62.1
53009,93291590,62.2
55117,93378540,62.2
55059,93472327,62.3
41033,93496753,62.3
36065,93578666,62.4
19103,93625401,62.4
19155,93823442,62.5
47105,93863437,62.6
40131,93868257,62.6
18141,93963323,62.6
27163,93987646,62.7
55027,94032979,62.7
44009,94042451,62.7
39139,94194264,62.8
5031,94226005,62.8
1103,94369904,62.9
30063,94385352,62.9
30013,94414861,62.9
42051,94517342,63.0
6035,94529793,63.0
9007,94579674,63.0
23019,94601006,63.1
51061,94640886,63.1
47113,94793350,63.2
48181,94899660,63.3
1115,94904474,63.3
37049,94930460,63.3
6093,94955774,63.3
27139,95073905,63.4
48251,95127184,63.4
42013,95197313,63.5
47089,95243923,63.5
24001,95283185,63.5
22015,95305253,63.5
49043,95355132,63.6
42027,95358153,63.6
29037,95588146,63.7
32005,95601895,63.7
13021,95618105,63.7
48381,95661470,63.8
33013,95672724,63.8
48221,95713129,63.8
36013,95837259,63.9
41007,95841985,63.9
49045,95866259,63.9
53015,95984731,64.0
55111,95991918,64.0
17037,96027484,64.0
47141,96091678,64.1
18063,96151655,64.1
48139,96254685,64.2
42055,96332031,64.2
36105,96338442,64.2
24045,96360477,64.2
8007,96438312,64.3
40037,96447392,64.3
40041,96487119,64.3
8037,96680573,64.4
45077,96711027,64.5
26025,96895712,64.6
41003,96916879,64.6
40031,96963153,64.6
54039,96965852,64.6
42075,96976873,64.6
28059,96983738,64.6
42063,97256027,64.8
41041,97260524,64.8
21093,97273966,64.8
19061,97289534,64.9
47189,97328072,64.9
17115,97343223,64.9
29097,97353818,64.9
47059,97447410,65.0
37127,97606511,65.1
24037,97670478,65.1
27019,97690306,65.1
54107,97703385,65.1
21015,97708539,65.1
47043,97755848,65.2
48479,97774533,65.2
16005,97951324,65.3
42021,97966054,65.3
48021,97975522,65.3
45043,98049919,65.4
37109,98188181,65.5
45085,98204922,65.5
42127,98227979,65.5
6101,98304080,65.5
48291,98319157,65.5
48451,98438150,65.6
51047,98444920,65.6
23001,98478881,65.6
49021,98578052,65.7
45041,98584732,65.7
13217,98594870,65.7
53027,98766550,65.8
54033,98929312,65.9
48485,98934244,65.9
48183,98962766,66.0
37089,98973881,66.0
53045,99035571,66.0
55109,99052147,66.0
17183,99069598,66.0
16083,99113322,66.1
45055,99220807,66.1
47147,99288353,66.2
42073,99355134,66.2
36089,99421653,66.3
13247,99428668,66.3
53025,99486270,66.3
9013,99517711,66.3
17199,99535017,66.4
12023,99559240,66.4
13157,99632214,66.4
8067,99666671,66.4
51161,99674113,66.4
6049,99721005,66.5
13013,99816584,66.5
37157,99826255,66.5
51770,99845356,66.6
51165,99931096,66.6
37027,99991420,66.7
18067,99995815,66.7
39109,100113361,66.7
41053,100139944,66.8
27111,100174507,66.8
49005,100198217,66.8
26005,100325840,66.9
27141,100357719,66.9
8085,100381258,66.9
16019,100443207,67.0
13127,100493707,67.0
42033,100530734,67.0
40145,100545619,67.0
47119,100565345,67.0
47001,100625271,67.1
48375,100697673,67.1
22105,100764604,67.2
54061,100863023,67.2
4001,100998082,67.3
8049,101015793,67.3
45075,101029655,67.3
54081,101043064,67.4
26159,101106069,67.4
18095,101121435,67.4
12093,101223680,67.5
36093,101315185,67.5
42085,101407920,67.6
53047,101426800,67.6
32019,101454948,67.6
36075,101471511,67.6
13185,101476508,67.6
37023,101546052,67.7
12051,101563942,67.7
6069,101659732,67.8
5023,101689729,67.8
38015,101731806,67.8
13313,101746605,67.8
37009,101751711,67.8
9015,101798163,67.9
29021,101869865,67.9
24035,101939744,68.0
39083,101969680,68.0
55035,101971938,68.0
40113,101983364,68.0
45029,102230183,68.1
29043,102278594,68.2
18167,102292820,68.2
26075,102328301,68.2
37099,102339465,68.2
16017,102348437,68.2
1081,102409391,68.3
28047,102498073,68.3
12063,102562570,68.4
13255,102577935,68.4
37167,102643768,68.4
5085,102654362,68.4
17091,102661686,68.4
5055,102775021,68.5
37155,102833020,68.5
39029,102983794,68.6
37189,103030456,68.7
37125,103069760,68.7
26045,103105322,68.7
55105,103143674,68.8
37045,103151010,68.8
37161,103218430,68.8
47063,103229026,68.8
33009,103419262,68.9
13059,103449338,69.0
20045,103548610,69.0
42037,103562846,69.0
51069,103563259,69.0
36007,103624309,69.1
42081,103625142,69.1
37037,103635568,69.1
27049,103804715,69.2
17007,103840296,69.2
39101,103852193,69.2
39087,103870571,69.2
18085,103877440,69.2
50007,103961051,69.3
19013,104023625,69.3
39013,104031837,69.3
41059,104150995,69.4
36113,104206003,69.5
48349,104213136,69.5
39091,104220607,69.5
49003,104258032,69.5
45057,104290009,69.5
47123,104383218,69.6
40101,104463366,69.6
26017,104470326,69.6
55141,104540547,69.7
40083,104580713,69.7
34033,104608231,69.7
18105,104621765,69.7
48497,104630485,69.7
37087,104830054,69.9
6063,104844244,69.9
48071,104859737,69.9
39167,104965117,70.0
30049,104977847,70.0
1095,104984995,70.0
1125,105049222,70.0
22063,105065077,70.0
17063,105074945,70.0
24041,105119629,70.1
47107,105177012,70.1
32023,105396630,70.3
4023,105465014,70.3
48135,105469347,70.3
8107,105481277,70.3
48203,105485688,70.3
27109,105517832,70.3
46099,105527699,70.3
47019,105726933,70.5
39077,105733321,70.5
56025,105779905,70.5
26111,105788557,70.5
39063,105792970,70.5
51740,105825178,70.5
26087,105831306,70.5
40051,105838473,70.6
5063,105901922,70.6
35005,105906380,70.6
40119,105976505,70.6
48401,106046227,70.7
24011,106050677,70.7
5069,106185466,70.8
39055,106188141,70.8
13103,106197210,70.8
48053,106201773,70.8
55015,106315957,70.9
47167,106333934,70.9
28121,106336318,70.9
51199,106343291,70.9
51095,106439679,71.0
27131,106491033,71.0
55127,106602893,71.1
39169,106711104,71.1
36009,106724531,71.1
1055,106731863,71.1
32007,106736418,71.2
42025,106748103,71.2
18059,106811133,71.2
44005,106830335,71.2
39043,107003273,71.3
47145,107020849,71.3
51121,107047696,71.4
26037,107052503,71.4
55031,107054872,71.4
4007,107064018,71.4
5145,107162775,71.4
50025,107198696,71.5
51680,107257869,71.5
5033,107317320,71.5
39157,107336969,71.6
42097,107374533,71.6
37163,107394003,71.6
5141,107477608,71.6
53021,107491509,71.7
37169,107526389,71.7
48231,107540620,71.7
47053,107654612,71.8
30081,107669931,71.8
21073,107693107,71.8
19193,107763491,71.8
8045,107771911,71.8
39129,107780928,71.8
18081,107793767,71.9
20015,107888753,71.9
49051,107940201,72.0
53031,107952117,72.0
29031,107954517,72.0
5091,107984081,72.0
53065,107990936,72.0
37059,108134941,72.1
47099,108196787,72.1
25011,108211305,72.1
48277,108213715,72.1
42103,108248994,72.2
18035,108271028,72.2
37077,108280211,72.2
24019,108326665,72.2
42099,108343312,72.2
32510,108384309,72.2
8043,108391354,72.3
51800,108454172,72.3
40125,108483566,72.3
48373,108540797,72.4
13137,108595024,72.4
29051,108599829,72.4
22057,108655258,72.4
6005,108683333,72.4
22073,108774176,72.5
39143,108826844,72.5
17095,108877422,72.6
45073,108970335,72.6
12133,108990911,72.7
37141,108998590,72.7
36101,109039018,72.7
47079,109094083,72.7
45071,109117723,72.7
12075,109125019,72.7
22005,109202311,72.8
47051,109221460,72.8
47073,109311574,72.9
51067,109314065,72.9
29101,109336995,72.9
45047,109404234,72.9
48005,109423496,72.9
8093,109452797,73.0
47071,109467465,73.0
39011,109534200,73.0
37069,109550226,73.0
48019,109571506,73.0
21107,109612324,73.1
26103,109628754,73.1
12027,109696223,73.1
37171,109739337,73.2
35015,109772152,73.2
39141,109927082,73.3
37191,109934171,73.3
39159,109952659,73.3
36069,109959777,73.3
51001,109974188,73.3
37093,110031542,73.3
53037,110062439,73.4
18133,110108287,73.4
36045,110119986,73.4
47045,110220356,73.5
19169,110263334,73.5
23009,110283725,73.5
26117,110286306,73.5
40081,110358502,73.6
35055,110438511,73.6
1051,110458385,73.6
13129,110513409,73.7
42111,110543634,73.7
55085,110590190,73.7
51035,110759136,73.8
13095,110768318,73.8
2090,110784715,73.8
1043,110791857,73.9
47031,110831103,73.9
48037,110851848,73.9
31079,110864630,73.9
51137,110908710,73.9
42001,110934247,73.9
16069,111062372,74.0
19181,111071582,74.0
5123,111081200,74.0
55135,111097368,74.1
48073,111123675,74.1
28045,111205880,74.1
55039,111208504,74.1
54077,111322399,74.2
39005,111372144,74.2
24023,111380581,74.2
38035,111393676,74.3
48467,111398152,74.3
12121,111428189,74.3
47047,111437224,74.3
29159,111496055,74.3
26091,111559994,74.4
47003,111573159,74.4
5005,111577828,74.4
19099,111749736,74.5
54011,111768824,74.5
37113,111806291,74.5
55131,111827684,74.5
54003,111843879,74.6
55033,111874795,74.6
24039,111932203,74.6
48409,111941402,74.6
55063,111965982,74.6
48363,112039484,74.7
36011,112089063,74.7
13123,112133045,74.7
51031,112226935,74.8
21227,112269923,74.8
53071,112278182,74.8
27145,112314099,74.9
22079,112322540,74.9
5015,112336406,74.9
40147,112388353,74.9
26059,112472535,75.0
38101,112488262,75.0
8039,112499409,75.0
29023,112514885,75.0
37039,112531541,75.0
26155,112555066,75.0
33019,112620264,75.1
37105,112678950,75.1
54099,112744270,75.2
45025,112774193,75.2
1015,112783505,75.2
40071,112794675,75.2
41009,112840003,75.2
45021,112875307,75.2
51033,112945421,75.3
39119,112950251,75.3
53049,112983580,75.3
18145,113020184,75.3
13111,113106812,75.4
48499,113111593,75.4
19127,113127694,75.4
1121,113146996,75.4
55013,113222907,75.5
51171,113236180,75.5
18043,113255668,75.5
42115,113345085,75.6
12129,113363192,75.6
8023,113366717,75.6
5139,113400940,75.6
47177,113408292,75.6
8087,113465316,75.6
1069,113550067,75.7
18177,113559970,75.7
23013,113687931,75.8
2122,113788951,75.9
18053,113816945,75.9
19125,113842889,75.9
1127,113865149,75.9
35029,113869756,75.9
18099,113881127,75.9
21059,113944662,76.0
51015,114004071,76.0
37065,114054227,76.0
13295,114099399,76.1
50021,114119654,76.1
22045,114151166,76.1
40079,114159694,76.1
39171,114175672,76.1
47025,114277368,76.2
36083,114369213,76.2
27021,114397961,76.3
13241,114412139,76.3
22101,114431066,76.3
51195,114455268,76.3
33005,114466453,76.3
26015,114498032,76.3
17133,114502934,76.3
31157,114549922,76.4
5003,114572114,76.4
48259,114579581,76.4
45031,114637007,76.4
39071,114720464,76.5
27007,114784366,76.5
17103,114802694,76.5
1077,114844665,76.6
27067,114846594,76.6
39021,114853661,76.6
48361,114873474,76.6
27027,114898625,76.6
47115,114947332,76.6
39107,115047950,76.7
51117,115050538,76.7
28087,115082396,76.7
36117,115109064,76.7
39009,115117482,76.7
13047,115122220,76.7
18087,115181124,76.8
29209,115198711,76.8
1061,115226510,76.8
47029,115258070,76.8
29027,115274981,76.8
48217,115318391,76.9
42009,115359434,76.9
48001,115402966,76.9
47013,115411832,76.9
13275,115451782,77.0
42015,115503725,77.0
13035,115536437,77.0
21145,115597106,77.1
29029,115617822,77.1
39123,115670639,77.1
20103,115686455,77.1
26149,115740593,77.2
39037,115742719,77.2
13133,115752131,77.2
55005,115816446,77.2
1009,115860111,77.2
13291,115870423,77.2
41057,115925924,77.3
35035,115946671,77.3
18061,115951243,77.3
5029,115985623,77.3
21047,115994062,77.3
6043,116147829,77.4
17141,116172965,77.4
26055,116179985,77.4
55075,116184437,77.4
36017,116211467,77.5
39081,116258331,77.5
1031,116282888,77.5
13219,116307226,77.5
50023,116372792,77.6
12039,116390808,77.6
42039,116448584,77.6
18033,116509867,77.7
48459,116533980,77.7
37111,116598667,77.7
37195,116603104,77.7
40121,116612188,77.7
51187,116616937,77.7
8097,116707244,77.8
37083,116735990,77.8
38105,116740413,77.8
36021,116784987,77.8
48407,116845832,77.9
28113,116856479,77.9
39147,116888872,77.9
56039,116901516,77.9
55089,116911475,77.9
17081,116925486,77.9
45037,116958148,78.0
40021,116983930,78.0
23027,117047946,78.0
13039,117054858,78.0
39059,117104754,78.1
18017,117152373,78.1
42005,117263514,78.2
22109,117265299,78.2
50027,117308814,78.2
22097,117316275,78.2
51109,117328252,78.2
48493,117399360,78.3
13175,117411241,78.3
17195,117415894,78.3
37011,117440248,78.3
21185,117547685,78.4
36019,117613603,78.4
45059,117699063,78.5
28075,117701486,78.5
29113,117713575,78.5
54055,117727494,78.5
27061,117753000,78.5
21179,117768907,78.5
17021,117786018,78.5
48365,117819389,78.5
12045,117824747,78.5
47185,117878881,78.6
23025,117893676,78.6
54049,117955482,78.6
30053,117995050,78.7
36025,118073984,78.7
18181,118085393,78.7
29145,118115947,78.7
1049,118126419,78.7
23003,118150449,78.8
21035,118196896,78.8
18107,118206946,78.8
27057,118272485,78.8
27025,118292739,78.9
48299,118312068,78.9
47081,118373753,78.9
19139,118435857,78.9
18109,118452489,79.0
19033,118466649,79.0
54019,118476216,79.0
13237,118481039,79.0
54067,118505618,79.0
35009,118648709,79.1
37047,118663930,79.1
46103,118680294,79.1
48097,118687123,79.1
18151,118726181,79.1
55021,118805876,79.2
8029,118818624,79.2
48469,118825715,79.2
8051,118837915,79.2
47021,118897166,79.3
48229,118949256,79.3
18005,118956533,79.3
49047,119019646,79.3
37193,119041726,79.4
47005,119088936,79.4
1045,119102472,79.4
18065,119106871,79.4
8119,119129186,79.4
5081,119193013,79.5
19057,119200182,79.5
13031,119246036,79.5
55065,119264827,79.5
6015,119275486,79.5
21151,119290275,79.5
40019,119310369,79.5
23007,119346625,79.6
47109,119359120,79.6
12123,119368646,79.6
28151,119464826,79.6
1083,119480955,79.6
47077,119504753,79.7
36051,119535133,79.7
5009,119545246,79.7
37181,119575623,79.7
33003,119673992,79.8
16013,119696009,79.8
5083,119698247,79.8
13085,119712816,79.8
19187,119739245,79.8
36115,119778781,79.8
33007,119790654,79.9
48325,119804260,79.9
51540,119809053,79.9
30047,119857276,79.9
24029,119864114,79.9
20079,119866733,79.9
28071,119926371,79.9
48223,119960723,80.0
28149,119973470,80.0
23017,120014501,80.0
16075,120036028,80.0
13227,120128976,80.1
36043,120159324,80.1
37061,120208354,80.1
55043,120219558,80.1
26023,120231145,80.1
39079,120248101,80.2
19059,120255228,80.2
47173,120284284,80.2
12037,120368717,80.2
39033,120380019,80.2
37153,120392073,80.3
39097,120397083,80.3
19015,120404672,80.3
51143,120470048,80.3
48147,120497184,80.3
55137,120539931,80.4
39027,120559746,80.4
54047,120595314,80.4
39015,120632616,80.4
54079,120646223,80.4
39047,120651023,80.4
19011,120717803,80.5
29069,120720470,80.5
40135,120750747,80.5
1123,120838894,80.6
18001,120862203,80.6
48143,120892853,80.6
53017,120897815,80.6
21199,120911518,80.6
1047,120925143,80.6
40091,120959763,80.6
17027,120991960,80.7
51155,121021186,80.7
6051,121040283,80.7
19045,121048043,80.7
5065,121107183,80.7
54037,121139717,80.8
54051,121142115,80.8
39127,121199883,80.8
1053,121238883,80.8
21083,121258684,80.8
55093,121275478,80.8
48199,121305757,80.9
18037,121366310,80.9
17121,121375832,80.9
36077,121448807,81.0
42061,121467609,81.0
55097,121475182,81.0
5001,121521901,81.0
23015,121579641,81.0
37013,121592410,81.1
6021,121620570,81.1
55125,121632660,81.1
37123,121693076,81.1
54045,121728830,81.1
39019,121740949,81.2
18093,121798074,81.2
13187,121811845,81.2
5019,121814072,81.2
36053,121834172,81.2
4009,121840924,81.2
40047,121924477,81.3
19109,121928942,81.3
30093,121948232,81.3
39075,121953312,81.3
39131,121989614,81.3
42109,122023035,81.3
35027,122052128,81.4
38089,122096043,81.4
47143,122131623,81.4
54007,122146191,81.4
45027,122160813,81.4
28109,122188699,81.5
38093,122193469,81.5
37197,122256134,81.5
5121,122283332,81.5
49039,122335734,81.5
28029,122342176,81.6
48049,122353648,81.6
29187,122411791,81.6
47049,122432289,81.6
28035,122457924,81.6
40137,122475000,81.6
50011,122481881,81.6
40139,122489063,81.7
54083,122511244,81.7
5043,122531861,81.7
29161,122610833,81.7
44001,122666623,81.8
27013,122671110,81.8
37175,122680272,81.8
22009,122687518,81.8
18069,122727494,81.8
4012,122733869,81.8
18173,122763479,81.8
17137,122768399,81.8
36033,122833467,81.9
51105,122876320,81.9
21019,122904991,81.9
54025,122917130,81.9
18083,122950574,82.0
48471,122961790,82.0
41027,123007945,82.0
17001,123019654,82.0
39161,123041076,82.0
6011,123053119,82.0
13285,123081094,82.0
13029,123163983,82.1
36107,123175527,82.1
5103,123182649,82.1
27115,123189196,82.1
28067,123207799,82.1
28153,123264271,82.2
48293,123306954,82.2
42121,123347944,82.2
17135,123368656,82.2
55017,123377576,82.2
1017,123397615,82.3
16011,123427809,82.3
48481,123482337,82.3
13233,123487125,82.3
47129,123515503,82.3
25007,123545617,82.4
36015,123555056,82.4
20051,123561668,82.4
13311,123566644,82.4
29175,123587766,82.4
48249,123625775,82.4
13257,123649882,82.4
13143,123669927,82.4
55113,123739751,82.5
39149,123765526,82.5
48189,123781827,82.5
55123,123822939,82.5
40097,123829932,82.5
37053,123834453,82.5
55023,123839054,82.6
29131,123911194,82.6
26151,123953116,82.6
42035,123972593,82.6
51089,124017534,82.7
55045,124033140,82.7
1033,124039985,82.7
39137,124061119,82.7
22031,124101874,82.7
29169,124124940,82.7
47103,124146064,82.8
28085,124158961,82.8
29167,124166639,82.8
1093,124246377,82.8
18147,124256598,82.8
55061,124261302,82.8
1071,124274993,82.8
50003,124325372,82.9
47131,124327714,82.9
26157,124361296,82.9
48285,124368094,82.9
48371,124408972,82.9
42123,124423148,82.9
47183,124437863,83.0
47181,124463766,83.0
40089,124516342,83.0
19179,124523787,83.0
28073,124587815,83.1
37017,124608470,83.1
17189,124632311,83.1
1005,124637038,83.1
26051,124641584,83.1
45053,124669210,83.1
47039,124683973,83.1
16057,124729624,83.1
13071,124764547,83.2
40111,124769049,83.2
51840,124787984,83.2
21195,124800345,83.2
31177,124846413,83.2
48007,124851401,83.2
28081,124952827,83.3
35039,124980739,83.3
21029,125003725,83.3
22061,125012528,83.3
20161,125067837,83.4
26009,125076962,83.4
28093,125081757,83.4
48323,125105863,83.4
19031,125110762,83.4
13213,125134425,83.4
47097,125163688,83.4
18137,125184668,83.4
22117,125199197,83.5
27005,125259710,83.5
36121,125264002,83.5
54089,125295780,83.5
54087,125332571,83.5
22099,125343110,83.6
37165,125352867,83.6
37145,125379106,83.6
1007,125403621,83.6
12049,125408105,83.6
39039,125410553,83.6
18129,125474764,83.6
37139,125498443,83.7
31053,125501337,83.7
18029,125508143,83.7
13299,125537261,83.7
29091,125569203,83.7
27091,125581025,83.7
37149,125585587,83.7
5037,125607216,83.7
29053,125640403,83.8
55029,125676050,83.8
41013,125691242,83.8
8083,125714343,83.8
47007,125737667,83.8
27071,125782209,83.8
42031,125807464,83.9
55019,125814304,83.9
21027,125858156,83.9
21211,125865108,83.9
18019,125944219,84.0
22069,125965158,84.0
13277,125991170,84.0
1109,126063423,84.0
47069,126070628,84.0
55095,126095566,84.1
35025,126117012,84.1
51099,126201679,84.1
48015,126210697,84.1
17029,126225521,84.1
48043,126232418,84.1
27035,126245739,84.2
41037,126300853,84.2
18113,126327665,84.2
42065,126355123,84.2
17055,126406567,84.3
48149,126411305,84.3
16085,126433044,84.3
38059,126445556,84.3
55121,126460431,84.3
54085,126465150,84.3
22089,126531526,84.3
39115,126540789,84.4
18073,126545740,84.4
36057,126587081,84.4
27147,126594569,84.4
13169,126661429,84.4
17077,126663887,84.4
13195,126687935,84.5
48347,126692665,84.5
16031,126722225,84.5
5035,126734966,84.5
42087,126750803,84.5
17025,126799622,84.5
18103,126837875,84.6
39001,126854202,84.6
26067,126880593,84.6
5057,126897145,84.6
47085,126901528,84.6
48067,126926676,84.6
48057,126958608,84.6
50019,127021275,84.7
45087,127035794,84.7
39145,127059688,84.7
39117,127080490,84.7
54063,127101231,84.7
5115,127120933,84.7
26029,127132927,84.7
48055,127175756,84.8
18055,127182045,84.8
54075,127201607,84.8
48171,127253270,84.8
12029,127277703,84.8
55115,127331717,84.9
38055,127333975,84.9
23029,127353859,84.9
39051,127367010,84.9
22011,127375624,84.9
37143,127402071,84.9
26033,127433323,84.9
21009,127474047,85.0
13105,127483023,85.0
40049,127502045,85.0
22111,127502430,85.0
40065,127546379,85.0
21125,127575487,85.0
37005,127585686,85.0
29155,127590137,85.1
51191,127651385,85.1
36003,127737880,85.2
47017,127742456,85.2
40039,127754379,85.2
36073,127776043,85.2
51193,127785569,85.2
36039,127809754,85.2
47153,127814703,85.2
42083,127827551,85.2
37091,127846860,85.2
17023,127858516,85.2
29109,127879317,85.2
18015,127947841,85.3
13177,127957171,85.3
47055,127962470,85.3
55001,128000798,85.3
36109,128028561,85.3
18051,128035068,85.3
51075,128035622,85.3
48123,128087245,85.4
37007,128118711,85.4
17057,128143180,85.4
48395,128152428,85.4
37033,128178732,85.4
40115,128192506,85.5
5059,128214671,85.5
17073,128244846,85.5
13069,128252274,85.5
16065,128259553,85.5
55119,128306083,85.5
26133,128326484,85.5
29141,128342509,85.6
47117,128346626,85.6
13087,128370364,85.6
29083,128405591,85.6
51083,128463102,85.6
31111,128478133,85.6
27001,128483347,85.6
5017,128552219,85.7
29055,128565437,85.7
39135,128573661,85.7
26143,128597272,85.7
50017,128609014,85.7
55103,128655628,85.8
50005,128701855,85.8
27097,128711077,85.8
48473,128735082,85.8
49041,128747545,85.8
40009,128777204,85.8
51019,128796857,85.9
18143,128801724,85.9
48503,128827285,85.9
42117,128844489,85.9
54043,128854727,85.9
17203,128915896,85.9
26007,128933650,85.9
54103,128938423,86.0
26057,128940481,86.0
18079,128992691,86.0
17117,129033077,86.0
48099,129037560,86.0
5113,129121137,86.1
26127,129137051,86.1
55107,129151909,86.1
13281,129156844,86.1
35047,129164193,86.1
48161,129166681,86.1
17157,129204495,86.1
6027,129224066,86.1
17049,129248008,86.2
40001,129274730,86.2
37015,129280063,86.2
5071,129287269,86.2
48307,129326811,86.2
47075,129343542,86.2
35045,129350350,86.2
27099,129418928,86.3
37003,129441391,86.3
28079,129467637,86.3
19167,129470128,86.3
36031,129484243,86.3
12013,129534267,86.3
45033,129569069,86.4
26069,129605292,86.4
23021,129617438,86.4
26123,129647387,86.4
48265,129691201,86.5
36035,129730785,86.5
39105,129740069,86.5
48389,129743163,86.5
48239,129748189,86.5
29157,129771788,86.5
26109,129806516,86.5
17011,129823357,86.5
21005,129828367,86.5
41045,129860405,86.6
36023,129906347,86.6
19027,129918161,86.6
37075,129922761,86.6
51590,129942011,86.6
17165,129946824,86.6
21141,129991291,86.7
13179,129998824,86.7
13189,130007982,86.7
26071,130024853,86.7
54059,130075442,86.7
27169,130091674,86.7
8055,130101407,86.7
5127,130170294,86.8
28105,130177310,86.8
48321,130182272,86.8
48013,130224680,86.8
20149,130235917,86.8
29015,130274520,86.8
1023,130304020,86.9
27083,130311384,86.9
55077,130318648,86.9
48465,130333987,86.9
51570,130361871,86.9
21071,130391686,86.9
51073,130396685,86.9
53051,130433838,86.9
45023,130438736,87.0
48281,130448334,87.0
12059,130463505,87.0
27055,130472870,87.0
29186,130505938,87.0
56001,130517788,87.0
28163,130576352,87.0
51139,130601126,87.1
27041,130612155,87.1
26001,130619370,87.1
30027,130622004,87.1
13081,130646402,87.1
13163,130662788,87.1
13159,130676918,87.1
51093,130694920,87.1
1029,130711743,87.1
40013,130716173,87.1
30105,130733658,87.1
13199,130832295,87.2
36095,130849561,87.2
1113,130875624,87.2
26041,130885630,87.2
18031,130941541,87.3
26089,130949627,87.3
2290,130968466,87.3
41065,130993174,87.3
12041,131009747,87.3
13083,131034177,87.3
8075,131036716,87.3
55011,131058177,87.4
46029,131076354,87.4
20169,131081256,87.4
21103,131118444,87.4
20037,131133305,87.4
19183,131150804,87.4
31019,131186669,87.4
48449,131233329,87.5
20155,131256654,87.5
39111,131280755,87.5
55083,131289081,87.5
13191,131324106,87.5
21043,131326138,87.5
48331,131339021,87.6
19069,131384356,87.6
21157,131389109,87.6
48457,131407553,87.6
1027,131440990,87.6
5027,131464557,87.6
26085,131473796,87.6
28131,131514065,87.7
1133,131523620,87.7
28139,131563776,87.7
6105,131576663,87.7
18123,131590961,87.7
30071,131634854,87.7
20107,131639455,87.8
66010,131662105,87.8
27045,131692854,87.8
47111,131706592,87.8
38099,131720247,87.8
1111,131739443,87.8
22115,131774668,87.8
16073,131793143,87.9
56023,131822661,87.9
26101,131825150,87.9
18135,131867724,87.9
47057,131872366,87.9
54013,131887496,87.9
42059,131909901,87.9
48287,131919234,87.9
40123,131921471,87.9
30023,131935214,87.9
45001,131971562,88.0
32001,131990027,88.0
27119,132003662,88.0
40073,132008023,88.0
18041,132031592,88.0
54069,132073530,88.0
42105,132088818,88.1
21085,132115751,88.1
18121,132120546,88.1
54109,132155651,88.1
28051,132166044,88.1
1057,132176102,88.1
16051,132187788,88.1
51197,132205773,88.1
51005,132253038,88.2
30057,132277218,88.2
37131,132281680,88.2
51185,132299138,88.2
5107,132329552,88.2
20133,132361266,88.2
18023,132375587,88.2
28107,132389549,88.3
1129,132456527,88.3
19149,132475801,88.3
1087,132491623,88.3
38049,132493898,88.3
12079,132505374,88.3
31155,132527538,88.3
45011,132551083,88.4
22001,132558096,88.4
28031,132580902,88.4
17101,132587913,88.4
20191,132607017,88.4
47061,132629996,88.4
48337,132645288,88.4
54097,132681472,88.4
30089,132696265,88.5
45049,132750317,88.5
27075,132764273,88.5
13305,132776653,88.5
26063,132794690,88.5
18071,132836137,88.5
17085,132853301,88.6
31107,132871028,88.6
19161,132890747,88.6
40095,132917192,88.6
39031,132922036,88.6
54027,132952351,88.6
21115,132996731,88.7
28061,133020583,88.7
19021,133023278,88.7
21113,133031024,88.7
48115,133079041,88.7
5049,133088874,88.7
19111,133110943,88.7
19043,133113871,88.7
21095,133147057,88.8
37115,133156734,88.8
29009,133180464,88.8
32027,133215907,88.8
1019,133227282,88.8
12007,133257276,88.8
26043,133269588,88.8
13207,133279737,88.8
21215,133289927,88.9
47133,133306905,88.9
25019,133321680,88.9
56007,133331517,88.9
42093,133350758,88.9
48419,133353578,88.9
19077,133391819,88.9
48185,133424548,88.9
54041,133441757,89.0
28011,133453290,89.0
29207,133463034,89.0
20057,133495333,89.0
21207,133499674,89.0
48237,133507129,89.0
21239,133527701,89.0
20121,133553589,89.0
48219,133577629,89.0
40015,133598930,89.1
54009,133603612,89.1
21217,133606044,89.1
19003,133618966,89.1
78030,133689502,89.1
47151,133707397,89.1
29003,133724973,89.1
48233,133729783,89.1
19177,133736790,89.1
48273,133749109,89.2
54029,133779712,89.2
5093,133791557,89.2
47161,133796569,89.2
47033,133822824,89.2
29121,133825413,89.2
28043,133865153,89.2
35057,133877949,89.2
48289,133904948,89.3
19189,133912493,89.3
2110,133930074,89.3
21121,133945037,89.3
56033,133963146,89.3
21049,133994372,89.3
19073,134003407,89.3
26061,134016659,89.3
21143,134037007,89.3
31067,134062150,89.4
28091,134092622,89.4
5011,134097335,89.4
17173,134120461,89.4
26107,134132323,89.4
48411,134140136,89.4
21021,134180750,89.4
39069,134188018,89.4
1041,134211045,89.5
30101,134218251,89.5
51730,134241761,89.5
53055,134244314,89.5
39053,134247103,89.5
47101,134264969,89.5
42047,134302599,89.5
19129,134327064,89.5
37043,134334697,89.5
42067,134352535,89.6
17051,134360001,89.6
48159,134380850,89.6
54091,134382290,89.6
17125,134405736,89.6
5077,134418612,89.6
19065,134464172,89.6
16043,134471936,89.6
54053,134480889,89.6
35006,134513608,89.7
48379,134517979,89.7
39125,134530021,89.7
30035,134557975,89.7
31039,134571922,89.7
5053,134598892,89.7
1021,134603812,89.7
8105,134612629,89.7
29115,134619527,89.7
8091,134628630,89.7
28003,134650237,89.8
38071,134658181,89.8
8081,134667320,89.8
20085,134678676,89.8
20111,134742554,89.8
5111,134759308,89.8
51071,134769490,89.8
18077,134772009,89.8
32013,134781282,89.8
19053,134794063,89.9
36099,134805607,89.9
12065,134839615,89.9
18175,134872643,89.9
31031,134880356,89.9
30041,134900951,89.9
27095,134906292,89.9
47041,134917734,89.9
28083,134935848,89.9
40087,134938092,89.9
42053,134953578,90.0
5067,134963539,90.0
16049,134990716,90.0
48333,135010170,90.0
21089,135031346,90.0
28027,135043053,90.0
29201,135061750,90.0
40153,135111858,90.1
26135,135118813,90.1
36037,135124102,90.1
17041,135129376,90.1
19041,135158826,90.1
27015,135166483,90.1
38057,135183323,90.1
21183,135207696,90.1
28123,135211877,90.1
40103,135241859,90.2
40075,135251389,90.2
48179,135297135,90.2
48009,135306368,90.2
55057,135308755,90.2
26105,135331782,90.2
21167,135358702,90.2
37173,135365457,90.2
48127,135397479,90.3
13161,135402504,90.3
55129,135434996,90.3
48427,135444798,90.3
37029,135454313,90.3
2130,135458762,90.3
29017,135492193,90.3
21163,135494066,90.3
26137,135525469,90.3
48077,135536446,90.3
41001,135561267,90.4
50001,135566242,90.4
48025,135594964,90.4
13225,135600037,90.4
29001,135620985,90.4
27159,135625857,90.4
13183,135632778,90.4
30067,135686070,90.4
48415,135691076,90.5
28015,135698254,90.5
78010,135700965,90.5
29143,135739042,90.5
1037,135750538,90.5
55053,135769074,90.5
46033,135790626,90.5
21051,135797809,90.5
5097,135810151,90.5
8121,135855924,90.6
49007,135864894,90.6
40133,135876455,90.6
1025,135883785,90.6
28039,135891133,90.6
31131,135900525,90.6
37187,135915418,90.6
54101,135952696,90.6
5075,135957146,90.6
22119,135977016,90.6
31151,135996560,90.7
19081,136020138,90.7
20099,136027383,90.7
54057,136037188,90.7
19091,136057545,90.7
21119,136060397,90.7
21221,136104231,90.7
48177,136112017,90.7
51021,136114187,90.7
45069,136161363,90.8
54065,136168836,90.8
17005,136194744,90.8
55069,136209792,90.8
5087,136220208,90.8
39163,136223018,90.8
41025,136255651,90.8
19175,136258063,90.8
21007,136270211,90.8
48297,136274838,90.8
5089,136298543,90.9
19173,136301340,90.9
31033,136335163,90.9
48117,136340489,90.9
8099,136345065,90.9
35041,136358892,90.9
31141,136361710,90.9
31013,136378993,90.9
13091,136405542,90.9
37137,136417577,90.9
48227,136445801,91.0
13279,136453629,91.0
51119,136460803,91.0
21175,136465062,91.0
53069,136474038,91.0
28023,136522191,91.0
54023,136531490,91.0
21231,136567195,91.0
21055,136569900,91.0
19197,136578858,91.0
1039,136585790,91.0
39175,136612877,91.1
18009,136624186,91.1
1059,136636073,91.1
48131,136656179,91.1
22047,136677922,91.1
19123,136690175,91.1
8125,136712205,91.1
48283,136716529,91.1
27153,136726110,91.1
22087,136753714,91.2
28077,136769682,91.2
40069,136774214,91.2
20077,136777165,91.2
13011,136797439,91.2
28159,136807465,91.2
48475,136838180,91.2
31119,136850215,91.2
45061,136871929,91.2
20053,136899710,91.3
22039,136907123,91.3
51009,136925992,91.3
17067,136945370,91.3
51133,136945666,91.3
30045,136967243,91.3
51029,136987213,91.3
37041,137010838,91.3
31139,137020546,91.3
29107,137024955,91.3
51169,137027526,91.3
8017,137034814,91.3
40127,137046796,91.4
40033,137058684,91.4
54095,137074944,91.4
27059,137114713,91.4
48081,137119742,91.4
19023,137126992,91.4
16021,137145400,91.4
13033,137154868,91.4
26129,137157145,91.4
13055,137171900,91.4
17185,137187923,91.4
21203,137195466,91.5
13147,137231514,91.5
12003,137235930,91.5
12047,137240558,91.5
51036,137244908,91.5
8015,137253736,91.5
19119,137284510,91.5
51630,137318777,91.5
18111,137328935,91.5
26047,137333899,91.5
17193,137341825,91.6
29211,137358233,91.6
20035,137396135,91.6
18045,137403116,91.6
51790,137405595,91.6
31185,137424819,91.6
54005,137434188,91.6
8003,137441478,91.6
40043,137448639,91.6
29081,137470559,91.6
21099,137482100,91.6
29065,137487207,91.6
20139,137510996,91.7
48341,137571727,91.7
5095,137608110,91.7
27133,137613189,91.7
23023,137616811,91.7
48241,137630005,91.7
37185,137632349,91.7
18125,137648098,91.8
26165,137650728,91.8
48169,137660540,91.8
13231,137674899,91.8
36097,137689453,91.8
38081,137694478,91.8
18075,137727477,91.8
19145,137741362,91.8
31101,137751002,91.8
28021,137762602,91.8
28099,137774813,91.8
21079,137779668,91.8
1091,137791598,91.9
48483,137803550,91.9
42023,137843097,91.9
40107,137850371,91.9
17191,137859853,91.9
53003,137866898,91.9
48279,137869831,91.9
47091,137883928,91.9
21075,137896418,91.9
51173,137909376,91.9
31069,137921782,91.9
8113,137947588,92.0
16053,137956925,92.0
28017,137959689,92.0
48145,137961993,92.0
13173,137974507,92.0
13025,137984184,92.0
31145,138004265,92.0
5099,138009530,92.0
48507,138018554,92.0
16067,138041635,92.0
22075,138080221,92.0
54001,138082695,92.0
4011,138087145,92.0
19001,138102013,92.1
8089,138128925,92.1
29079,138142363,92.1
45009,138150112,92.1
19131,138170966,92.1
55081,138176092,92.1
1105,138183230,92.1
20137,138208040,92.1
18011,138215024,92.1
51065,138225137,92.1
21181,138255722,92.2
21065,138267744,92.2
38019,138268053,92.2
18049,138284893,92.2
38009,138288001,92.2
2220,138290496,92.2
41021,138295087,92.2
13019,138300367,92.2
47023,138332896,92.2
29229,138349890,92.2
20185,138352248,92.2
51053,138354740,92.2
19035,138392971,92.3
20109,138402485,92.3
17087,138420256,92.3
55067,138425059,92.3
56011,138444338,92.3
48399,138449385,92.3
13119,138461503,92.3
19089,138484339,92.3
48195,138494583,92.3
21045,138514749,92.3
29221,138521850,92.3
54021,138526946,92.3
51023,138529300,92.3
26083,138541078,92.4
51101,138553824,92.4
48193,138561299,92.4
46091,138571321,92.4
20025,138583500,92.4
37121,138600328,92.4
22095,138638621,92.4
13093,138646358,92.4
31001,138650891,92.4
21177,138666741,92.4
20201,138676198,92.4
26113,138678486,92.4
31169,138712306,92.5
37103,138723072,92.5
38061,138728214,92.5
45081,138743667,92.5
51027,138765372,92.5
20187,138769969,92.5
18149,138803156,92.5
18169,138811959,92.5
37073,138814073,92.5
51690,138828157,92.5
29139,138832788,92.5
26019,138833190,92.5
46115,138857766,92.6
31175,138864919,92.6
19017,138880764,92.6
48109,138901948,92.6
30069,138914568,92.6
51011,138924609,92.6
37117,138931566,92.6
18165,138938512,92.6
29057,138950685,92.6
47169,138955066,92.6
31125,138971958,92.6
29105,138974271,92.6
35028,138985198,92.6
46097,138992425,92.7
16087,139004864,92.7
16045,139017310,92.7
37199,139040786,92.7
22035,139048771,92.7
13239,139051520,92.7
46013,139058744,92.7
31081,139068514,92.7
30083,139077948,92.7
51775,139099473,92.7
46067,139101016,92.7
31071,139106738,92.7
22029,139131749,92.7
48313,139140517,92.8
16023,139169191,92.8
40105,139194994,92.8
26027,139221336,92.8
48087,139227735,92.8
22067,139239838,92.8
40067,139253199,92.8
13267,139256791,92.8
49027,139268542,92.8
20101,139268939,92.8
46071,139283070,92.8
55007,139288049,92.8
46135,139300744,92.9
38073,139310380,92.9
40003,139318100,92.9
29203,139327257,92.9
48263,139333338,92.9
51145,139340520,92.9
16059,139370609,92.9
29197,139378483,92.9
54105,139380881,92.9
48035,139385690,92.9
19185,139397135,92.9
8053,139402240,92.9
29045,139437921,92.9
38005,139456437,93.0
56027,139458913,93.0
26073,139470909,93.0
48083,139478109,93.0
55047,139485223,93.0
17017,139497119,93.0
29035,139502355,93.0
48393,139504770,93.0
48255,139543293,93.0
48063,139553386,93.0
56017,139560591,93.0
36049,139580874,93.0
17139,139588165,93.0
2068,139597558,93.1
16033,139600199,93.1
2282,139600438,93.1
30043,139609372,93.1
26119,139617973,93.1
18183,139644918,93.1
27129,139658039,93.1
21225,139665842,93.1
29129,139671092,93.1
2070,139671297,93.1
41055,139674084,93.1
55051,139676528,93.1
2240,139693365,93.1
8057,139695710,93.1
2201,139695832,93.1
19055,139711570,93.1
21147,139729850,93.1
13009,139736812,93.1
16047,139746263,93.2
2270,139754805,93.2
20013,139755331,93.2
38085,139762133,93.2
35021,139762409,93.2
1067,139769171,93.2
32029,139774388,93.2
32015,139784306,93.2
48487,139794016,93.2
48031,139815841,93.2
30055,139830364,93.2
28101,139832710,93.2
19071,139855085,93.2
31089,139867785,93.2
17075,139904601,93.3
31147,139936933,93.3
22083,139943672,93.3
39065,139958022,93.3
1085,139960828,93.3
19121,139965627,93.3
19019,139986608,93.3
46035,139994011,93.3
21197,140011650,93.3
17065,140014333,93.3
53019,140023744,93.3
40099,140040237,93.4
31095,140052276,93.4
40007,140061704,93.4
27039,140064282,93.4
51175,140079399,93.4
31121,140097438,93.4
13141,140108155,93.4
40129,140132059,93.4
19095,140149584,93.4
35053,140154979,93.4
21187,140162792,93.4
5109,140187076,93.4
48051,140214163,93.5
30087,140219408,93.5
29181,140244443,93.5
13221,140249340,93.5
20009,140287572,93.5
46105,140292503,93.5
21109,140309773,93.5
21081,140319621,93.5
37107,140331657,93.5
16079,140334227,93.5
51113,140350667,93.6
30073,140364660,93.6
30095,140387487,93.6
28127,140389540,93.6
30001,140396519,93.6
21011,140411247,93.6
38025,140424367,93.6
48315,140444990,93.6
16015,140447789,93.6
19143,140479242,93.6
27089,140483944,93.6
29217,140488585,93.6
35059,140555457,93.7
29219,140567469,93.7
42119,140575160,93.7
26035,140599842,93.7
53039,140625165,93.7
56029,140634233,93.7
28129,140636841,93.7
13155,140643647,93.8
46093,140665194,93.8
19037,140672127,93.8
29151,140687298,93.8
42131,140700109,93.8
31127,140704773,93.8
19195,140734726,93.8
51167,140741867,93.8
20113,140755239,93.8
48153,140767781,93.8
48003,140770290,93.8
22037,140781777,93.8
28005,140811083,93.9
27121,140823038,93.9
54073,140825431,93.9
29173,140837665,93.9
17145,140847615,93.9
13023,140859884,93.9
38069,140865166,93.9
27127,140871867,93.9
8047,140899073,93.9
50009,140904272,93.9
50013,140909299,93.9
51127,140916291,93.9
18027,140946072,94.0
27105,140954841,94.0
31035,140971667,94.0
21131,140978629,94.0
17147,141008764,94.0
20031,141039023,94.0
5149,141058167,94.0
51077,141067884,94.0
49025,141072719,94.0
1001,141079466,94.0
46081,141089525,94.1
46027,141105834,94.1
20205,141112479,94.1
30061,141115427,94.1
21041,141125240,94.1
29039,141158020,94.1
1131,141160824,94.1
48133,141170134,94.1
22059,141200663,94.1
18007,141202806,94.1
21209,141209692,94.1
20069,141224812,94.1
47121,141231767,94.1
51135,141234096,94.1
51670,141246743,94.2
51147,141254225,94.2
13273,141261468,94.2
40045,141276079,94.2
12077,141283132,94.2
29067,141305163,94.2
1013,141323467,94.2
51149,141328018,94.2
48065,141340084,94.2
21031,141362111,94.2
56005,141369459,94.2
51043,141395670,94.3
40023,141409505,94.3
29041,141412061,94.3
1011,141430938,94.3
27173,141433424,94.3
28095,141440281,94.3
56003,141456062,94.3
37095,141475329,94.3
21233,141491270,94.3
1079,141498299,94.3
40029,141500620,94.3
48093,141520621,94.3
17131,141533291,94.3
40057,141535970,94.3
46065,141547818,94.4
28037,141569048,94.4
29119,141571656,94.4
22093,141591754,94.4
39067,141603926,94.4
31003,141624932,94.4
29225,141648842,94.4
38029,141656624,94.4
20065,141678148,94.4
5117,141685589,94.4
45089,141690502,94.5
48353,141727293,94.5
54035,141753593,94.5
26131,141756011,94.5
2164,141761429,94.5
46011,141768818,94.5
38003,141781532,94.5
20097,141790910,94.5
21101,141815753,94.5
13319,141816212,94.5
20147,141820951,94.5
18119,141849139,94.6
30091,141851623,94.6
48437,141856935,94.6
48405,141879111,94.6
20059,141885796,94.6
47095,141891100,94.6
6003,141893471,94.6
13289,141912616,94.6
17149,141944693,94.6
27043,141954254,94.6
20163,141966512,94.6
18021,141968628,94.6
40059,141988112,94.6
31047,141993020,94.7
13197,141998137,94.7
78020,142005568,94.7
38043,142022967,94.7
48391,142025446,94.7
13317,142046125,94.7
19093,142053849,94.7
39073,142058647,94.7
19047,142078248,94.7
21091,142098366,94.7
48111,142107965,94.7
27135,142112708,94.7
18131,142117506,94.7
53013,142139758,94.8
17107,142144515,94.8
18161,142149374,94.8
20189,142163921,94.8
27161,142171248,94.8
5137,142178493,94.8
21153,142198464,94.8
17045,142205210,94.8
29171,142214649,94.8
18171,142228883,94.8
29087,142252338,94.8
29073,142254720,94.8
28125,142261967,94.8
20027,142280011,94.8
38013,142313082,94.9
21159,142317692,94.9
20061,142320303,94.9
1075,142327146,94.9
45039,142329496,94.9
38051,142337058,94.9
48317,142344224,94.9
46047,142368217,94.9
28001,142373441,94.9
48119,142380660,94.9
20193,142383438,94.9
48369,142400008,94.9
51017,142422561,94.9
5047,142427389,94.9
26079,142433823,94.9
18101,142448641,95.0
27167,142453961,95.0
29033,142476228,95.0
16039,142486454,95.0
27107,142498295,95.0
51183,142515309,95.0
56013,142546844,95.0
30025,142551924,95.0
21193,142557173,95.0
20081,142575336,95.0
55099,142594247,95.1
48435,142603386,95.1
13201,142616145,95.1
20125,142616592,95.1
27077,142639829,95.1
28019,142644864,95.1
19171,142650152,95.1
31051,142664708,95.1
12043,142669728,95.1
48069,142671877,95.1
46117,142684644,95.1
31017,142697203,95.1
31065,142709824,95.1
5147,142715071,95.1
48165,142717321,95.1
30011,142727469,95.1
13243,142741659,95.2
48017,142742130,95.2
54017,142767495,95.2
27029,142799638,95.2
19007,142806447,95.2
46023,142807536,95.2
17187,142810074,95.2
41063,142819390,95.2
31133,142829593,95.2
20207,142834556,95.2
21077,142844216,95.2
27165,142849193,95.2
48295,142861744,95.2
21017,142893843,95.3
8065,142896682,95.3
41061,142906626,95.3
48243,142918828,95.3
31059,142921166,95.3
27017,142933537,95.3
29093,142940096,95.3
13259,142940721,95.3
17003,142948005,95.3
31029,142957937,95.3
31163,142967499,95.3
51063,142972626,95.3
20117,142991531,95.3
16029,142998635,95.3
36123,143001269,95.3
48319,143033466,95.3
21023,143043208,95.4
16041,143045609,95.4
49033,143063992,95.4
13061,143071455,95.4
31077,143074130,95.4
22113,143089185,95.4
48305,143096743,95.4
48211,143103801,95.4
13309,143109178,95.4
28133,143114125,95.4
31087,143126093,95.4
20145,143135848,95.4
13007,143150517,95.4
19141,143155211,95.4
47015,143157668,95.4
22107,143169440,95.4
31027,143193277,95.5
35019,143197419,95.5
29025,143212111,95.5
21013,143214629,95.5
20093,143221783,95.5
19157,143222157,95.5
20203,143227347,95.5
41023,143236011,95.5
17015,143267375,95.5
48151,143272516,95.5
2100,143274994,95.5
48351,143277466,95.5
20049,143279988,95.5
46123,143297785,95.5
19087,143313329,95.5
30019,143318998,95.5
17155,143323910,95.5
48247,143326175,95.5
20071,143328896,95.5
29103,143351165,95.6
28007,143353360,95.6
31073,143368018,95.6
17071,143370589,95.6
18179,143379621,95.6
38011,143394543,95.6
20131,143394653,95.6
35023,143404932,95.6
46021,143424661,95.6
27023,143428167,95.6
51515,143431616,95.6
49019,143459201,95.6
28143,143474452,95.6
2188,143482770,95.6
21205,143489962,95.7
2261,143497534,95.7
32011,143510661,95.7
46009,143515902,95.7
48023,143526249,95.7
2060,143537605,95.7
35011,143544509,95.7
13193,143556948,95.7
29075,143559436,95.7
17047,143564170,95.7
48455,143575501,95.7
49009,143597350,95.7
31007,143599725,95.7
48261,143599959,95.7
2050,143609821,95.7
21057,143616946,95.7
22091,143619728,95.7
51595,143622392,95.7
18047,143624697,95.7
46061,143629918,95.7
13149,143655369,95.8
17061,143660341,95.8
46057,143660847,95.8
1107,143684439,95.8
38047,143700970,95.8
18013,143705758,95.8
38041,143708427,95.8
38033,143717583,95.8
47171,143722758,95.8
56045,143732017,95.8
31149,143736445,95.8
42113,143738939,95.8
20041,143768069,95.8
5021,143782051,95.8
30015,143784524,95.8
20105,143791737,95.9
41069,143794336,95.9
46101,143799518,95.9
13037,143804433,95.9
27125,143820108,95.9
32033,143825081,95.9
5101,143830027,95.9
48433,143838669,95.9
48235,143843232,95.9
29153,143851230,95.9
48431,143863219,95.9
47159,143884973,95.9
48417,143900915,95.9
1099,143905662,95.9
51037,143911105,95.9
29227,143919293,95.9
31183,143921793,95.9
48269,143922254,95.9
29223,143924544,95.9
2232,143930765,95.9
22065,143932189,95.9
51580,143952305,96.0
8115,143954980,96.0
27031,143964448,96.0
38067,143964917,96.0
5041,143972379,96.0
21105,143981927,96.0
16081,144007843,96.0
48275,144020146,96.0
19025,144034707,96.0
30017,144048998,96.0
31025,144056553,96.0
48461,144064015,96.0
16025,144069130,96.0
51159,144092768,96.1
51079,144095076,96.1
19165,144099554,96.1
37177,144110483,96.1
20021,144124209,96.1
2280,144133154,96.1
51620,144135704,96.1
30021,144140025,96.1
29059,144154893,96.1
21063,144162140,96.1
13145,144193606,96.1
28117,144198453,96.1
38001,144205666,96.1
20033,144210177,96.1
28025,144213041,96.1
46111,144236265,96.1
21137,144238422,96.1
48125,144244211,96.2
47175,144248825,96.2
51025,144263739,96.2
20199,144266231,96.2
17083,144287737,96.2
48103,144295822,96.2
31159,144300275,96.2
47139,144312665,96.2
17153,144317411,96.2
46073,144331113,96.2
21189,144337116,96.2
5061,144354085,96.2
51103,144356366,96.2
40077,144361229,96.2
51678,144366128,96.2
46087,144371645,96.2
5013,144384136,96.2
13053,144386828,96.2
46041,144401109,96.3
48155,144435953,96.3
19075,144445408,96.3
49013,144460654,96.3
8061,144465579,96.3
38007,144468124,96.3
53075,144481406,96.3
30103,144483619,96.3
31117,144485696,96.3
49055,144501206,96.3
31075,144503190,96.3
40063,144506373,96.3
49031,144531034,96.3
46113,144531403,96.3
19083,144535643,96.3
2016,144549455,96.4
51051,144559238,96.4
28041,144580188,96.4
47135,144587992,96.4
26031,144596467,96.4
46127,144608447,96.4
28137,144636624,96.4
22077,144645873,96.4
21133,144665893,96.4
8021,144673047,96.4
19039,144682439,96.4
30085,144698647,96.5
40035,144704794,96.5
40011,144715558,96.5
30005,144745305,96.5
51131,144772668,96.5
26039,144775030,96.5
35017,144784823,96.5
19147,144805102,96.5
29123,144817116,96.5
13293,144827114,96.5
21097,144841989,96.6
19115,144852157,96.6
27063,144861796,96.6
21033,144872117,96.6
13079,144876786,96.6
40005,144895570,96.6
29179,144921333,96.6
20115,144923729,96.6
21235,144957161,96.6
17159,144962372,96.6
21161,144969963,96.6
46005,144980184,96.6
19159,144996327,96.7
13251,145014951,96.7
45067,145028735,96.7
28013,145045925,96.7
19101,145079752,96.7
18159,145084454,96.7
20055,145088829,96.7
17127,145101025,96.7
20175,145121604,96.7
19067,145124294,96.7
13075,145133971,96.7
20029,145146219,96.8
22027,145166951,96.8
17177,145201552,96.8
30009,145206206,96.8
18025,145215683,96.8
13171,145223112,96.8
5105,145246927,96.8
28103,145254129,96.8
1035,145259163,96.8
31041,145297297,96.9
51111,145307524,96.9
5133,145312744,96.9
51141,145320008,96.9
48429,145334826,96.9
27103,145363115,96.9
28115,145368270,96.9
37079,145380149,96.9
16035,145396983,96.9
21155,145404785,96.9
30065,145409574,96.9
51049,145444560,97.0
21061,145449439,97.0
28111,145451678,97.0
48477,145461399,97.0
40053,145476049,97.0
40093,145490065,97.0
29147,145497520,97.0
13271,145502427,97.0
48059,145537746,97.0
8109,145542612,97.0
21053,145549400,97.0
5129,145551789,97.0
13109,145558366,97.0
30007,145565379,97.0
30003,145579465,97.0
8027,145592139,97.1
48403,145608706,97.1
19029,145633709,97.1
39121,145640910,97.1
48377,145664548,97.1
1063,145700224,97.1
55041,145714390,97.1
51007,145721537,97.1
26141,145723920,97.1
21087,145734126,97.1
13229,145748696,97.2
47137,145753552,97.2
27085,145771345,97.2
22121,145782782,97.2
29085,145795243,97.2
48271,145803303,97.2
8103,145809873,97.2
21191,145817425,97.2
5025,145838512,97.2
21169,145843614,97.2
56041,145863487,97.2
48463,145878326,97.2
38097,145885616,97.2
19009,145888590,97.2
19107,145920784,97.3
38103,145922963,97.3
30077,145925186,97.3
29061,145944264,97.3
21069,145950466,97.3
22023,145964067,97.3
47027,145969895,97.3
51115,145980517,97.3
42057,145990942,97.3
48101,146000723,97.3
48357,146010574,97.3
19133,146045401,97.4
17105,146057701,97.4
21139,146057940,97.4
16007,146067962,97.4
16037,146073454,97.4
13001,146083561,97.4
31179,146086502,97.4
21149,146094118,97.4
27081,146099102,97.4
22043,146118960,97.4
13269,146121820,97.4
17123,146143460,97.4
27113,146163232,97.4
13049,146165662,97.4
48253,146170933,97.4
20067,146175342,97.4
30075,146182885,97.4
13167,146192921,97.5
48489,146199825,97.5
47127,146204512,97.5
20151,146218630,97.5
13181,146220939,97.5
35007,146241708,97.5
21219,146252641,97.5
5079,146254917,97.5
22013,146272744,97.5
48207,146287428,97.5
21213,146290143,97.5
28009,146297400,97.5
20095,146308741,97.5
17059,146323841,97.5
48267,146337210,97.5
50015,146354794,97.6
17035,146355325,97.6
51830,146374914,97.6
48387,146384822,97.6
48505,146386833,97.6
30033,146396323,97.6
29063,146401104,97.6
20001,146416610,97.6
20003,146430146,97.6
26013,146432716,97.6
48137,146456144,97.6
19137,146461078,97.6
17151,146463730,97.6
41049,146487897,97.6
20123,146490352,97.7
35037,146512553,97.7
17169,146530687,97.7
20043,146535217,97.7
22085,146537834,97.7
30097,146553247,97.7
12067,146557717,97.7
21025,146562215,97.7
20089,146569553,97.7
17039,146580490,97.7
29007,146595045,97.7
38037,146600131,97.7
38045,146613052,97.7
2150,146625432,97.7
20039,146627628,97.7
13235,146641698,97.8
51125,146648484,97.8
20157,146651260,97.8
8011,146658129,97.8
28069,146670205,97.8
20195,146674829,97.8
27073,146684915,97.8
17171,146689641,97.8
12125,146694450,97.8
28063,146708414,97.8
56015,146715168,97.8
31167,146735905,97.8
13287,146772460,97.8
29177,146776971,97.8
8071,146779677,97.8
46083,146786863,97.8
8095,146789317,97.8
20141,146796525,97.9
31083,146811888,97.9
17129,146816686,97.9
51181,146821540,97.9
20063,146826857,97.9
40025,146836900,97.9
16077,146837117,97.9
46109,146857735,97.9
20183,146871390,97.9
17079,146881089,97.9
8063,146881575,97.9
29049,146896310,97.9
22021,146911569,97.9
30099,146919194,97.9
51660,146927304,97.9
31045,146932478,97.9
35031,146953240,98.0
27051,146960386,98.0
27065,146969771,98.0
48501,146980184,98.0
13131,146996842,98.0
38031,147001722,98.0
49015,147009259,98.0
28157,147018661,98.0
56019,147025786,98.0
27101,147035874,98.0
20143,147043225,98.0
31143,147050203,98.0
31161,147057654,98.0
48079,147064526,98.0
48425,147067141,98.0
20129,147074328,98.0
30051,147081219,98.0
51097,147100444,98.1
51057,147109702,98.1
27009,147132384,98.1
20017,147134677,98.1
31105,147139772,98.1
22053,147144465,98.1
31135,147147016,98.1
38075,147154348,98.1
27151,147173115,98.1
20165,147180214,98.1
28065,147184643,98.1
30107,147189816,98.1
17181,147209450,98.1
49017,147223472,98.1
28155,147231177,98.1
48327,147240259,98.2
38077,147249449,98.2
20005,147253965,98.2
22123,147264974,98.2
51520,147274797,98.2
27069,147282047,98.2
31063,147287213,98.2
46045,147294607,98.2
20083,147297216,98.2
20171,147304333,98.2
51820,147311530,98.2
28097,147323918,98.2
21039,147335547,98.2
49037,147337998,98.2
45065,147348727,98.2
48047,147356064,98.2
31099,147361434,98.2
13065,147371415,98.2
45005,147389853,98.3
46019,147395033,98.3
56009,147407592,98.3
46063,147413337,98.3
30079,147420739,98.3
16071,147433107,98.3
30039,147440337,98.3
17009,147448571,98.3
46053,147458944,98.3
8073,147463956,98.3
48105,147468800,98.3
55049,147469161,98.3
31061,147481274,98.3
20023,147490258,98.3
18115,147494625,98.3
29205,147497138,98.3
13125,147499457,98.3
20197,147501981,98.3
56031,147513845,98.3
30109,147516254,98.3
29089,147523783,98.3
48335,147528721,98.3
8111,147531169,98.3
2180,147531669,98.3
16063,147536537,98.3
29137,147546520,98.4
46003,147554710,98.4
48445,147561652,98.4
48311,147571755,98.4
29199,147578776,98.4
31057,147581579,98.4
31049,147588535,98.4
40055,147595748,98.4
46121,147605785,98.4
31009,147606193,98.4
31171,147608425,98.4
27117,147624448,98.4
31115,147626611,98.4
46075,147628893,98.4
49029,147633227,98.4
56037,147638081,98.4
46051,147650685,98.4
30037,147653153,98.4
21229,147658010,98.4
55078,147661031,98.4
21171,147670897,98.4
38087,147673554,98.4
27155,147678731,98.4
49001,147688621,98.4
29005,147694129,98.5
48197,147701559,98.5
31103,147704227,98.5
2013,147724710,98.5
17013,147740029,98.5
54031,147745287,98.5
48345,147750022,98.5
31137,147755290,98.5
46119,147759921,98.5
48205,147765089,98.5
48045,147767538,98.5
13101,147769930,98.5
48301,147772529,98.5
31085,147775034,98.5
31005,147785305,98.5
46031,147788010,98.5
28053,147792688,98.5
47087,147800199,98.5
29215,147815745,98.5
48107,147823269,98.5
53043,147841227,98.6
30059,147856313,98.6
48089,147871823,98.6
17109,147887239,98.6
51750,147892019,98.6
22025,147903171,98.6
29117,147923933,98.6
41015,147934800,98.6
21135,147942699,98.6
38091,147950040,98.6
21129,147957587,98.6
13043,147962860,98.6
31023,147979470,98.6
1119,147991362,98.7
38095,147996211,98.7
22125,148003335,98.7
16003,148008580,98.7
26095,148019616,98.7
20135,148029121,98.7
20019,148038390,98.7
28057,148045342,98.7
38039,148053275,98.7
46089,148061423,98.7
46025,148068260,98.7
53001,148094243,98.7
22127,148094310,98.7
48129,148105136,98.7
13005,148112582,98.7
48443,148118159,98.7
31093,148130095,98.7
13017,148132711,98.7
48413,148140243,98.8
31011,148145600,98.8
46039,148150756,98.8
20119,148155926,98.8
48421,148160694,98.8
28135,148182444,98.8
19097,148195842,98.8
31173,148198661,98.8
38083,148206188,98.8
51091,148209045,98.8
13003,148213817,98.8
20179,148218665,98.8
32021,148231415,98.8
8025,148234032,98.8
19105,148248122,98.8
49023,148257800,98.8
38065,148260947,98.8
27149,148268624,98.8
17175,148275746,98.8
46125,148288639,98.8
32009,148291171,98.9
13283,148301038,98.9
28145,148311703,98.9
46107,148316209,98.9
46043,148318976,98.9
27087,148325617,98.9
35033,148332683,98.9
13307,148333164,98.9
28055,148348559,98.9
20087,148353478,98.9
48447,148355999,98.9
46049,148363161,98.9
48359,148368187,98.9
48383,148370880,98.9
53023,148380390,98.9
46137,148388190,98.9
8019,148392812,98.9
46007,148395428,98.9
48011,148400011,98.9
46017,148400452,98.9
51640,148404512,98.9
26011,148421844,98.9
19085,148446650,99.0
35051,148463693,99.0
55003,148485484,99.0
48163,148497389,99.0
29013,148511563,99.0
45017,148524002,99.0
27079,148542677,99.0
21001,148556539,99.0
13205,148568231,99.0
40149,148580130,99.0
53059,148589696,99.1
13261,148607233,99.1
5073,148620182,99.1
20011,148632878,99.1
27047,148655969,99.1
18117,148676887,99.1
29127,148692831,99.1
28141,148708867,99.1
18153,148727809,99.1
38053,148744182,99.2
51163,148761518,99.2
1065,148777661,99.2
21003,148790353,99.2
48343,148802549,99.2
40117,148816584,99.2
40085,148829943,99.2
17033,148847412,99.2
48225,148869542,99.2
31043,148881190,99.2
19079,148898976,99.3
54015,148911305,99.3
27093,148928904,99.3
41031,148941085,99.3
26097,148964693,99.3
5039,148977178,99.3
40061,148988857,99.3
29163,149002833,99.3
54093,149013135,99.3
19191,149033672,99.3
27157,149050182,99.4
19005,149062976,99.4
13321,149075335,99.4
21173,149087263,99.4
13211,149099524,99.4
13099,149109225,99.4
54071,149118852,99.4
22007,149132924,99.4
40141,149142517,99.4
16009,149154799,99.4
51157,149161737,99.4
29185,149172041,99.4
13107,149187051,99.4
28161,149199424,99.5
29135,149208506,99.5
22003,149224728,99.5
21127,149234459,99.5
18139,149245855,99.5
26003,149258880,99.5
40151,149270466,99.5
47083,149277433,99.5
13253,149285028,99.5
19063,149297918,99.5
17053,149309663,99.5
13303,149321942,99.5
29133,149331162,99.5
36041,149345134,99.6
6091,149349067,99.6
22049,149362104,99.6
19135,149377232,99.6
27033,149387534,99.6
19151,149407783,99.6
29195,149423215,99.6
19051,149435771,99.6
13165,149440842,99.6
20159,149450354,99.6
31037,149459570,99.6
20073,149468612,99.6
51081,149478051,99.6
29149,149486255,99.6
47067,149493270,99.7
13209,149497627,99.7
22041,149512488,99.7
13027,149522486,99.7
21123,149532065,99.7
19117,149544882,99.7
55037,149555289,99.7
29125,149562460,99.7
20167,149571696,99.7
21165,149577141,99.7
13263,149583923,99.7
26053,149603951,99.7
8009,149613748,99.7
55091,149623533,99.7
38079,149631685,99.7
31021,149639569,99.7
48385,149647349,99.8
56035,149654865,99.8
32017,149659548,99.8
18155,149668654,99.8
21223,149673699,99.8
13315,149678685,99.8
29011,149687417,99.8
20007,149694400,99.8
28119,149704103,99.8
38063,149711853,99.8
48095,149717023,99.8
20181,149723520,99.8
20047,149727979,99.8
20127,149734909,99.8
28147,149749908,99.8
38023,149758008,99.8
46077,149766147,99.8
38021,149774177,99.8
27143,149786218,99.8
26153,149799603,99.9
20075,149804424,99.9
31123,149812153,99.9
48175,149822370,99.9
35003,149834667,99.9
20153,149839218,99.9
22081,149845764,99.9
8033,149850301,99.9
48495,149857606,99.9
51530,149860436,99.9
21237,149865398,99.9
29111,149873264,99.9
31181,149878243,99.9
46079,149888145,99.9
56043,149894919,99.9
13301,149897940,99.9
31097,149902985,99.9
16061,149908222,99.9
31129,149915864,99.9
27011,149921491,99.9
51045,149926510,99.9
17069,149931644,99.9
46085,149940004,100.0
46059,149948093,100.0
8079,149950661,100.0
31165,149955691,100.0
13249,149958385,100.0
46015,149965920,100.0
51720,149968792,100.0
31015,149972013,100.0
2185,149978006,100.0
13265,149980615,100.0
48191,149986306,100.0
48075,149991937,100.0
38027,149997341,100.0
46095,150002646,100.0
48173,150005414,100.0
46069,150010527,100.0
31091,150012288,100.0
21201,150012661,100.0
48033,150014322,100.0
31113,150014715,100.0
