FIPS,row,pct
1001,92246,0.2
1011,99615,0.3
1013,100834,0.3
1003,111394,0.3
1007,111675,0.3
1005,111687,0.3
1009,111738,0.3
1015,137540,0.4
1023,141664,0.4
1025,141911,0.4
1027,141936,0.4
1021,144334,0.4
1029,144563,0.4
1019,144867,0.4
1017,144877,0.4
1063,153697,0.4
1065,154681,0.4
1067,154704,0.4
1031,162562,0.4
1041,162586,0.4
1037,164736,0.4
1035,167795,0.4
1049,170886,0.5
1071,171597,0.5
1057,172269,0.5
1059,172285,0.5
1047,173279,0.5
1039,173696,0.5
1045,174891,0.5
1051,174924,0.5
1043,179681,0.5
1053,180311,0.5
1055,180334,0.5
1061,180372,0.5
1033,183401,0.5
1069,183781,0.5
1075,187040,0.5
1085,204536,0.5
1077,211402,0.6
1079,211922,0.6
1083,213363,0.6
1087,218727,0.6
1081,221014,0.6
1073,221026,0.6
1091,225226,0.6
1093,236274,0.6
1095,243273,0.6
1089,254714,0.7
1109,266876,0.7
1105,275704,0.7
1107,275739,0.7
1111,275968,0.7
1099,276482,0.7
1097,283491,0.8
1103,283620,0.8
1113,287442,0.8
1101,288206,0.8
1115,295520,0.8
1119,299021,0.8
1121,321882,0.9
1117,325138,0.9
1123,326739,0.9
1129,328537,0.9
1131,328543,0.9
2100,330480,0.9
1133,332053,0.9
2110,343883,0.9
2130,345402,0.9
2150,345421,0.9
2122,353910,0.9
2020,361631,1.0
2090,364916,1.0
1125,365087,1.0
1127,365140,1.0
2280,369022,1.0
2180,374006,1.0
2220,374026,1.0
2170,390073,1.0
4001,405548,1.1
4003,431236,1.2
4005,437901,1.2
4011,445086,1.2
4012,446973,1.2
4009,461214,1.2
4007,478904,1.3
4013,1542093,4.1
4015,1637718,4.4
4017,1648823,4.4
4019,1825002,4.9
4021,1960153,5.2
4023,1966770,5.2
4025,2003341,5.3
5001,2030813,5.4
5003,2034442,5.4
5005,2034447,5.4
4027,2037575,5.4
5025,2090645,5.6
5027,2096027,5.6
5029,2096058,5.6
5023,2098568,5.6
5039,2098647,5.6
5017,2101725,5.6
5019,2101756,5.6
5021,2101764,5.6
5043,2106178,5.6
5037,2106824,5.6
5035,2107072,5.6
5041,2107202,5.6
5033,2107748,5.6
5065,2109631,5.6
5031,2110669,5.6
5011,2110710,5.6
5013,2110732,5.6
5015,2110736,5.6
5007,2111998,5.6
5009,2112041,5.6
5083,2114004,5.6
5077,2115829,5.6
5079,2118160,5.7
5081,2118167,5.7
5057,2120621,5.7
5075,2126579,5.7
5053,2128533,5.7
5049,2129224,5.7
5067,2133903,5.7
5061,2138945,5.7
5047,2139312,5.7
5089,2140467,5.7
5063,2143918,5.7
5069,2144373,5.7
5059,2144603,5.7
5045,2144991,5.7
5051,2145003,5.7
5071,2145819,5.7
5073,2145826,5.7
5101,2147333,5.7
5103,2147356,5.7
5087,2147821,5.7
5093,2147833,5.7
5095,2147840,5.7
5097,2147862,5.7
5099,2147866,5.7
5055,2148874,5.7
5085,2148988,5.7
5105,2149117,5.7
5091,2152394,5.7
5109,2158402,5.8
5107,2164412,5.8
5111,2164417,5.8
5117,2165955,5.8
5115,2176749,5.8
5113,2180418,5.8
5121,2208176,5.9
5123,2209301,5.9
5119,2219975,5.9
5129,2220606,5.9
5125,2224038,5.9
5127,2224044,5.9
5137,2249830,6.0
5133,2252630,6.0
5135,2252633,6.0
5141,2253729,6.0
5139,2253777,6.0
5131,2257246,6.0
5149,2274969,6.1
5147,2290748,6.1
5145,2291299,6.1
5143,2291453,6.1
6003,2500730,6.7
6001,2511074,6.7
6005,2512142,6.7
6007,2550424,6.8
6009,2582031,6.9
6011,2592367,6.9
6015,2849619,7.6
6013,2852683,7.6
6017,2891381,7.7
6019,3083204,8.2
6021,3083240,8.2
6023,3083244,8.2
6025,3136912,8.4
6027,3158772,8.4
6029,3398816,9.1
6031,3433061,9.2
6033,3449669,9.2
6035,3478859,9.3
6037,4984828,13.3
6039,5025120,13.4
6043,5056178,13.5
6045,5056246,13.5
6041,5059523,13.5
6047,5142597,13.7
6049,5161027,13.8
6051,5161049,13.8
6053,5225270,13.9
6055,5245801,14.0
6057,5283822,14.1
6059,5673120,15.1
6061,5757294,15.4
6063,5757321,15.4
6065,6559274,17.5
6067,6973004,18.6
6069,6973034,18.6
6071,7683804,20.5
6073,8190032,21.8
6075,8223796,21.9
6077,8440244,22.5
6079,8476275,22.6
6081,8540954,22.8
6083,8588887,22.9
6085,8790173,23.4
6087,8790427,23.4
6089,8830435,23.6
6091,8830440,23.6
6093,8841605,23.6
6095,8968918,23.9
6097,9045355,24.1
6099,9188332,24.5
6101,9226500,24.6
6103,9226576,24.6
6105,9232904,24.6
6107,9323689,24.9
6109,9338595,24.9
6111,9466924,25.3
6113,9493823,25.3
6115,9528201,25.4
8001,9641372,25.7
8003,9654824,25.8
8009,9763314,26.0
8011,9767470,26.1
8007,9778703,26.1
8005,9778998,26.1
8017,9794381,26.1
8013,9809286,26.2
8025,9812266,26.2
8027,9812279,26.2
8021,9819953,26.2
8023,9820005,26.2
8019,9820301,26.2
8015,9821398,26.2
8014,9824069,26.2
8029,9828379,26.2
8031,9956638,26.6
8033,9956648,26.6
8035,10015685,26.7
8037,10022431,26.7
8039,10022727,26.7
8041,10126520,27.0
8047,10130941,27.0
8043,10130952,27.0
8049,10133214,27.0
8045,10133957,27.0
8057,10134170,27.0
8055,10136628,27.0
8051,10137790,27.0
8061,10217012,27.3
8063,10217027,27.3
8065,10227667,27.3
8059,10238483,27.3
8067,10238549,27.3
8073,10268903,27.4
8071,10269494,27.4
8075,10275879,27.4
8069,10276197,27.4
8079,10302571,27.5
8081,10302609,27.5
8091,10310024,27.5
8083,10313726,27.5
8085,10313776,27.5
8077,10313825,27.5
8095,10324436,27.5
8087,10324636,27.5
8089,10325375,27.5
8099,10327865,27.5
8093,10328979,27.6
8097,10339453,27.6
8109,10370550,27.7
8103,10371003,27.7
8121,10371459,27.7
8117,10374708,27.7
8105,10378396,27.7
8111,10382835,27.7
8101,10383340,27.7
8107,10395239,27.7
8113,10395302,27.7
8115,10395304,27.7
8119,10395693,27.7
8125,10455057,27.9
8123,10468599,27.9
9001,10514553,28.0
9003,10556631,28.2
9005,10562556,28.2
9007,10566176,28.2
9009,10599094,28.3
9011,10632315,28.4
9013,10640070,28.4
9015,10643476,28.4
10001,10652503,28.4
10003,10662943,28.4
10005,10673965,28.5
11001,10755154,28.7
12003,10785775,28.8
12001,10789590,28.8
12005,10818669,28.9
12007,10822139,28.9
12009,10973149,29.3
12011,11590657,30.9
12013,11590660,30.9
12015,11675140,31.1
12017,11717949,31.3
12019,11776101,31.4
12023,11875523,31.7
12021,11875972,31.7
12027,12645786,33.7
12025,12653694,33.8
12029,12654305,33.8
12031,12917791,34.5
12033,12985718,34.6
12037,13020702,34.7
12043,13020775,34.7
12039,13020963,34.7
12041,13020975,34.7
12035,13027527,34.8
12045,13038693,34.8
12047,13041587,34.8
12049,13059577,34.8
12051,13059962,34.8
12053,13113054,35.0
12055,13144603,35.1
12059,13465690,35.9
12057,13479074,36.0
12061,13526721,36.1
12063,13526751,36.1
12065,13526836,36.1
12067,13526848,36.1
12069,13637786,36.4
12071,13927626,37.2
12079,13974392,37.3
12077,13974542,37.3
12073,13978147,37.3
12075,13981309,37.3
12081,14068539,37.5
12083,14150556,37.7
12085,14200124,37.9
12087,14230595,38.0
12089,14242649,38.0
12091,14273413,38.1
12093,14280577,38.1
12095,14585607,38.9
12097,14710574,39.2
12099,15105359,40.3
12101,15250670,40.7
12103,15465884,41.3
12105,15662867,41.8
12107,15683802,41.8
12109,15724785,41.9
12111,15825782,42.2
12113,15862126,42.3
12115,15971937,42.6
12117,16075202,42.9
12119,16081832,42.9
12125,16090927,42.9
12121,16094556,42.9
12123,16094564,42.9
12127,16240221,43.3
12129,16273514,43.4
13007,16278362,43.4
12131,16290517,43.5
12133,16294970,43.5
13001,16303514,43.5
13003,16303531,43.5
13005,16303542,43.5
13011,16316569,43.5
13009,16316570,43.5
13013,16320256,43.5
13023,16341735,43.6
13015,16358274,43.6
13017,16358548,43.6
13019,16358568,43.6
13025,16362578,43.6
13021,16374205,43.7
13027,16374208,43.7
13037,16374792,43.7
13029,16382111,43.7
13043,16382720,43.7
13033,16386306,43.7
13031,16386667,43.7
13035,16387008,43.7
13039,16390813,43.7
13049,16422615,43.8
13045,16430075,43.8
13047,16430406,43.8
13053,16450407,43.9
13055,16471321,43.9
13051,16471424,43.9
13061,16528641,44.1
13059,16530400,44.1
13057,16534840,44.1
13063,16638533,44.4
13065,16638538,44.4
13069,16755278,44.7
13067,16759952,44.7
13075,16760045,44.7
13071,16769001,44.7
13073,16769050,44.7
13079,16801450,44.8
13081,16801457,44.8
13077,16801511,44.8
13083,16802137,44.8
13085,16805407,44.8
13087,16814116,44.9
13093,16989372,45.3
13091,16993330,45.3
13095,16993681,45.3
13089,16998110,45.3
13099,17032321,45.4
13101,17032332,45.4
13097,17036273,45.4
13107,17036973,45.4
13103,17041641,45.5
13105,17041660,45.5
13109,17045858,45.5
13111,17049708,45.5
13113,17081678,45.6
13115,17090736,45.6
13119,17122050,45.7
13117,17122719,45.7
13125,17332363,46.2
13121,17352814,46.3
13123,17373584,46.3
13127,17373671,46.3
13131,17373702,46.3
13129,17373810,46.3
13133,17406440,46.4
13137,17572566,46.9
13135,17573341,46.9
13141,17596168,46.9
13139,17604129,47.0
13143,17604141,47.0
13145,17613828,47.0
13147,17617307,47.0
13149,17619287,47.0
13151,17688994,47.2
13155,17691526,47.2
13153,17695731,47.2
13165,17697986,47.2
13161,17711319,47.2
13167,17712170,47.2
13163,17725099,47.3
13171,17728365,47.3
13159,17728545,47.3
13173,17728616,47.3
13169,17729972,47.3
13157,17730071,47.3
13175,17736186,47.3
13177,17738396,47.3
13179,17742720,47.3
13201,17752504,47.4
13193,17766109,47.4
13181,17766251,47.4
13183,17766252,47.4
13185,17766257,47.4
13205,17767512,47.4
13187,17768090,47.4
13197,17768440,47.4
13199,17768476,47.4
13209,17769312,47.4
13195,17771467,47.4
13189,17771881,47.4
13207,17771963,47.4
13191,17772325,47.4
13211,17772331,47.4
13213,17787744,47.4
13215,17814368,47.5
13217,17844062,47.6
13219,17844865,47.6
13221,17855276,47.6
13235,17891188,47.7
13223,17892009,47.7
13227,17893946,47.7
13225,17899842,47.7
13229,17899941,47.7
13239,17903561,47.8
13233,17904156,47.8
13237,17905270,47.8
13231,17905320,47.8
13241,17911313,47.8
13243,17911849,47.8
13245,17941391,47.9
13249,17962333,47.9
13253,17965936,47.9
13251,17966831,47.9
13269,17980500,48.0
13247,17981014,48.0
13265,17981606,48.0
13273,17982894,48.0
13259,17983877,48.0
13255,17984033,48.0
13271,17984039,48.0
13267,17985141,48.0
13257,17985349,48.0
13261,17985380,48.0
13263,17985389,48.0
13275,17989389,48.0
13279,17990044,48.0
13277,17992977,48.0
13281,17992985,48.0
13289,18000111,48.0
13287,18001672,48.0
13291,18001681,48.0
13283,18005665,48.0
13295,18017655,48.1
13285,18020789,48.1
13293,18024359,48.1
13309,18038499,48.1
13297,18039031,48.1
13307,18039480,48.1
13315,18039551,48.1
13301,18043205,48.1
13303,18043215,48.1
13299,18046012,48.1
13305,18046478,48.1
13317,18055091,48.2
13311,18056293,48.2
13313,18058357,48.2
13321,18060976,48.2
13319,18061547,48.2
15001,18081973,48.2
15003,18123843,48.3
15007,18123873,48.3
15009,18134399,48.4
16001,18219901,48.6
16003,18224132,48.6
16007,18228988,48.6
16009,18234021,48.6
16011,18240110,48.7
16005,18244420,48.7
16013,18247624,48.7
16015,18247887,48.7
16025,18258539,48.7
16023,18260529,48.7
16017,18272284,48.7
16021,18272424,48.7
16019,18275725,48.8
16033,18324097,48.9
16049,18324468,48.9
16031,18324710,48.9
16035,18325689,48.9
16029,18326111,48.9
16037,18326120,48.9
16047,18331144,48.9
16039,18336461,48.9
16041,18337154,48.9
16043,18337179,48.9
16045,18338181,48.9
16027,18338232,48.9
16051,18354506,49.0
16053,18354511,49.0
16061,18364758,49.0
16057,18365419,49.0
16071,18365498,49.0
16073,18365514,49.0
16063,18366660,49.0
16067,18366723,49.0
16069,18378553,49.0
16075,18378801,49.0
16059,18378866,49.0
16065,18378884,49.0
16077,18378949,49.0
17003,18381239,49.0
16055,18382241,49.0
16081,18401391,49.1
16079,18402510,49.1
17005,18407216,49.1
16083,18417645,49.1
16085,18422459,49.1
17001,18422470,49.1
16087,18422476,49.1
17015,18424130,49.1
17007,18425203,49.1
17011,18428470,49.2
17017,18428493,49.2
17021,18430693,49.2
17023,18434738,49.2
17025,18434758,49.2
17027,18447632,49.2
17019,18448030,49.2
17029,18468114,49.3
17033,19441535,51.9
17039,19442409,51.9
17031,19445100,51.9
17037,19450440,51.9
17079,19502605,52.0
17065,19573365,52.2
17067,19573373,52.2
17069,19573378,52.2
17071,19573383,52.2
17061,19574829,52.2
17059,19575181,52.2
17057,19578864,52.2
17053,19579636,52.2
17047,19589073,52.3
17049,19590249,52.3
17051,19590279,52.3
17045,19591514,52.3
17063,19592623,52.3
17075,19592668,52.3
17081,19594769,52.3
17073,19597133,52.3
17077,19597150,52.3
17087,19599331,52.3
17083,19599561,52.3
17085,19599570,52.3
17043,19600590,52.3
17089,19670711,52.5
17091,19683567,52.5
17093,19714433,52.6
17095,19714527,52.6
17109,19816442,52.9
17097,19818440,52.9
17105,19834517,52.9
17107,19834537,52.9
17099,19836716,52.9
17101,19838208,52.9
17103,19838281,52.9
17111,19897953,53.1
17113,19898109,53.1
17115,19921676,53.1
17117,19926275,53.2
17123,19933422,53.2
17125,19933813,53.2
17139,19938777,53.2
17127,19939853,53.2
17129,19939875,53.2
17135,19940918,53.2
17137,19953651,53.2
17141,19953686,53.2
17119,19955204,53.2
17121,19957471,53.2
17133,19957479,53.2
17151,19967295,53.3
17155,19968873,53.3
17147,19973173,53.3
17145,19974082,53.3
17143,19982659,53.3
17157,19982876,53.3
17161,19994203,53.3
17163,20039984,53.5
17165,20047032,53.5
17169,20054926,53.5
17171,20054941,53.5
17173,20054978,53.5
17175,20054979,53.5
17177,20054999,53.5
17167,20066120,53.5
17179,20066371,53.5
17189,20066413,53.5
17191,20066537,53.5
17195,20071200,53.5
17183,20081148,53.6
17185,20081180,53.6
17187,20081189,53.6
17197,20234313,54.0
17199,20238950,54.0
17203,20292075,54.1
18001,20294789,54.1
17201,20298594,54.1
18007,20322106,54.2
18009,20332913,54.2
18003,20334572,54.2
18005,20334595,54.2
18011,20335723,54.2
18013,20335753,54.2
18015,20338965,54.3
18027,20340010,54.3
18031,20349993,54.3
18029,20351628,54.3
18017,20353893,54.3
18037,20354717,54.3
18019,20356441,54.3
18021,20356444,54.3
18023,20356453,54.3
18025,20356456,54.3
18033,20361730,54.3
18035,20366563,54.3
18051,20385126,54.4
18045,20392009,54.4
18047,20392027,54.4
18049,20392047,54.4
18043,20393786,54.4
18041,20394136,54.4
18039,20394166,54.4
18053,20400640,54.4
18055,20407273,54.4
18057,20409429,54.4
18061,20425828,54.5
18063,20426647,54.5
18059,20427908,54.5
18065,20431237,54.5
18071,20434527,54.5
18075,20435040,54.5
18077,20435080,54.5
18067,20444447,54.5
18069,20444462,54.5
18073,20450069,54.6
18079,20455845,54.6
18085,20458426,54.6
18081,20459062,54.6
18083,20459106,54.6
18087,20462212,54.6
18089,20514338,54.7
18091,20534549,54.8
18093,20540072,54.8
18095,20545713,54.8
18101,20615816,55.0
18097,20644585,55.1
18099,20644590,55.1
18103,20653539,55.1
18105,20653540,55.1
18107,20655635,55.1
18117,20655699,55.1
18109,20656314,55.1
18111,20656352,55.1
18115,20659483,55.1
18113,20661320,55.1
18125,20664331,55.1
18121,20665889,55.1
18119,20666634,55.1
18131,20666901,55.1
18123,20666992,55.1
18135,20681836,55.2
18129,20688894,55.2
18127,20689907,55.2
18133,20693689,55.2
18137,20693805,55.2
18139,20693857,55.2
18143,20706460,55.2
18155,20708470,55.2
18153,20709546,55.2
18147,20715372,55.3
18149,20718016,55.3
18141,20720920,55.3
18145,20729044,55.3
18161,20729431,55.3
18151,20730944,55.3
18159,20734842,55.3
18157,20736820,55.3
19003,20756692,55.4
18183,20758500,55.4
18165,20758636,55.4
19005,20759868,55.4
18163,20761560,55.4
19009,20764147,55.4
19007,20764458,55.4
19019,20764527,55.4
18175,20764726,55.4
18171,20764806,55.4
19021,20765728,55.4
19001,20765988,55.4
18181,20766645,55.4
18179,20766767,55.4
18167,20766914,55.4
18169,20766931,55.4
19023,20767673,55.4
19025,20768905,55.4
18173,20769325,55.4
18177,20769458,55.4
19017,20782946,55.4
19041,20785018,55.4
19043,20785039,55.4
19101,20785696,55.4
19015,20787111,55.5
19011,20787420,55.5
19013,20788025,55.5
19027,20789546,55.5
19029,20791053,55.5
19031,20793087,55.5
19033,20793970,55.5
19053,20794061,55.5
19051,20795339,55.5
19035,20798115,55.5
19097,20800163,55.5
19037,20800687,55.5
19039,20800690,55.5
19073,20801259,55.5
19055,20801299,55.5
19045,20801701,55.5
19047,20801730,55.5
19123,20803625,55.5
19087,20804057,55.5
19089,20804061,55.5
19075,20805332,55.5
19105,20807267,55.5
19057,20807410,55.5
19065,20808331,55.5
19059,20808366,55.5
19049,20809043,55.5
19091,20809425,55.5
19093,20809430,55.5
19095,20809442,55.5
19067,20810328,55.5
19103,20813087,55.5
19107,20813093,55.5
19109,20813112,55.5
19111,20813124,55.5
19077,20813167,55.5
19079,20813168,55.5
19069,20813399,55.5
19071,20813401,55.5
19081,20813418,55.5
19083,20813435,55.5
19085,20813471,55.5
19061,20813763,55.5
19063,20813772,55.5
19099,20813802,55.5
19147,20818500,55.5
19119,20819351,55.5
19121,20820592,55.5
19115,20825828,55.6
19113,20826082,55.6
19141,20830209,55.6
19143,20830214,55.6
19127,20834736,55.6
19129,20834758,55.6
19131,20834766,55.6
19151,20836247,55.6
19145,20836755,55.6
19117,20836787,55.6
19139,20837330,55.6
19125,20837992,55.6
19149,20838102,55.6
19135,20841926,55.6
19137,20841955,55.6
19153,20854801,55.6
19155,20868382,55.7
19191,20868585,55.7
19165,20869082,55.7
19175,20869209,55.7
19177,20869212,55.7
19189,20869215,55.7
19157,20870661,55.7
19159,20870673,55.7
19161,20870693,55.7
20047,20871042,55.7
20051,20871044,55.7
20017,20872173,55.7
20019,20872175,55.7
20023,20872789,55.7
20013,20872929,55.7
19163,20873882,55.7
19171,20873896,55.7
19173,20873904,55.7
20001,20874188,55.7
20003,20874202,55.7
19195,20874574,55.7
19197,20874577,55.7
19167,20875621,55.7
19169,20875664,55.7
19183,20876910,55.7
19185,20876916,55.7
19193,20877130,55.7
20039,20877153,55.7
19187,20877212,55.7
20007,20877430,55.7
20009,20877446,55.7
20011,20877466,55.7
20041,20877854,55.7
20043,20877866,55.7
20063,20878576,55.7
19179,20881497,55.7
19181,20881501,55.7
20031,20888410,55.7
20095,20892752,55.7
20021,20894312,55.7
20025,20894320,55.7
20027,20894461,55.7
20029,20894464,55.7
20033,20895361,55.7
20199,20897778,55.7
20093,20898341,55.7
20065,20899284,55.7
20067,20899301,55.7
20069,20899303,55.7
20071,20899305,55.7
20073,20899314,55.7
20075,20899316,55.7
20035,20900345,55.8
20037,20900365,55.8
20015,20900378,55.8
20077,20900876,55.8
20097,20901653,55.8
20101,20901674,55.8
20161,20901776,55.8
20163,20901781,55.8
20165,20901790,55.8
20167,20901799,55.8
20171,20901802,55.8
20099,20901810,55.8
20045,20902494,55.8
20049,20902499,55.8
20053,20902505,55.8
20055,20902531,55.8
20057,20904471,55.8
20061,20906590,55.8
20123,20908008,55.8
20105,20908187,55.8
20059,20908595,55.8
20113,20909922,55.8
20079,20910023,55.8
20081,20910026,55.8
20083,20910029,55.8
20085,20910037,55.8
20087,20910061,55.8
20089,20910062,55.8
20127,20910673,55.8
20129,20910676,55.8
20135,20913223,55.8
20137,20913227,55.8
20141,20913235,55.8
20143,20913242,55.8
20145,20913250,55.8
20133,20915016,55.8
20115,20915018,55.8
20119,20915021,55.8
20147,20915037,55.8
20149,20915049,55.8
20151,20915053,55.8
20153,20915055,55.8
20157,20915058,55.8
20159,20915059,55.8
20125,20915901,55.8
20107,20915903,55.8
20109,20915904,55.8
20111,20915913,55.8
20091,20915986,55.8
20103,20916002,55.8
20121,20916164,55.8
20187,20928818,55.8
20179,20929390,55.8
20181,20929733,55.8
20193,20963389,55.9
20195,20963390,55.9
20197,20963397,55.9
20203,20963398,55.9
20207,20964074,55.9
20183,20964758,55.9
20185,20964765,55.9
20189,20964769,55.9
20191,20964784,55.9
20175,20964796,55.9
21039,20965967,55.9
20205,20966434,55.9
20177,20969989,55.9
20173,20970520,55.9
21011,20977185,56.0
21013,20977194,56.0
21009,20982632,56.0
21003,20982999,56.0
21045,20984032,56.0
21043,20984069,56.0
21063,20985168,56.0
21001,20987928,56.0
21007,20990568,56.0
21023,20993806,56.0
21091,20993993,56.0
21019,20994137,56.0
21021,20994159,56.0
20209,20995822,56.0
21025,20996139,56.0
21017,20996151,56.0
21027,20996866,56.0
21065,20997471,56.0
21015,20999509,56.0
21029,21000144,56.0
21031,21000153,56.0
21033,21000192,56.0
21035,21000200,56.0
21081,21001904,56.0
21083,21001909,56.0
21085,21001914,56.0
21037,21004322,56.0
21089,21004395,56.0
21051,21005154,56.0
21053,21005177,56.0
21075,21005773,56.0
21077,21005833,56.0
21079,21005837,56.0
21047,21005985,56.0
21055,21006995,56.0
21057,21006998,56.0
21061,21007000,56.0
21073,21010828,56.0
21071,21011000,56.0
21087,21011002,56.0
21067,21011107,56.0
21069,21011137,56.0
21103,21017217,56.1
21099,21018111,56.1
21095,21019452,56.1
21097,21019475,56.1
21105,21020286,56.1
21101,21022033,56.1
21109,21026044,56.1
21107,21032114,56.1
21093,21032303,56.1
21113,21085417,56.2
21111,21088539,56.3
21115,21088542,56.3
21181,21097562,56.3
21171,21101914,56.3
21169,21102130,56.3
21119,21107028,56.3
21121,21107034,56.3
21123,21107037,56.3
21125,21107038,56.3
21129,21107039,56.3
21131,21107043,56.3
21133,21107045,56.3
21159,21107120,56.3
21161,21107152,56.3
21173,21107200,56.3
21175,21107208,56.3
21225,21107309,56.3
21163,21107599,56.3
21189,21107847,56.3
21187,21107869,56.3
21207,21107909,56.3
21177,21107973,56.3
21201,21108129,56.3
21135,21108217,56.3
21137,21108228,56.3
21143,21108301,56.3
21145,21108343,56.3
21147,21108349,56.3
21149,21108355,56.3
21199,21109395,56.3
21213,21109432,56.3
21165,21109452,56.3
21167,21109494,56.3
21185,21109543,56.3
21179,21110205,56.3
21223,21110437,56.3
21197,21110554,56.3
22013,21110650,56.3
21139,21111330,56.3
21141,21111344,56.3
21153,21111378,56.3
21155,21111394,56.3
21157,21111410,56.3
21229,21111659,56.3
21219,21111677,56.3
21203,21112148,56.3
21205,21112161,56.3
21215,21112189,56.3
21217,21112205,56.3
21117,21115252,56.3
21151,21115268,56.3
22007,21118237,56.3
22011,21118371,56.3
21209,21118963,56.3
21231,21119035,56.3
21237,21119859,56.3
22001,21119906,56.3
21191,21120334,56.3
22003,21121086,56.3
22005,21121094,56.3
21221,21122421,56.3
21233,21122443,56.3
21235,21122449,56.3
21195,21122468,56.3
22009,21122495,56.3
21211,21123008,56.3
21227,21123012,56.3
22025,21141275,56.4
22023,21141918,56.4
22015,21144862,56.4
22017,21153062,56.4
22027,21159529,56.4
22029,21159545,56.4
22031,21162283,56.5
22021,21170319,56.5
22019,21171581,56.5
22035,21187576,56.5
22037,21210379,56.6
22043,21210482,56.6
22033,21213062,56.6
22041,21213717,56.6
22039,21213852,56.6
22045,21217793,56.6
22049,21219665,56.6
22047,21225298,56.6
22065,21241982,56.7
22051,21255209,56.7
22055,21258899,56.7
22059,21259067,56.7
22061,21259252,56.7
22057,21261231,56.7
22067,21264723,56.7
22063,21265921,56.7
22069,21265948,56.7
22075,21287414,56.8
22077,21287452,56.8
22083,21288828,56.8
22085,21288849,56.8
22071,21290301,56.8
22073,21293624,56.8
22097,21298582,56.8
22101,21300021,56.8
22079,21301675,56.8
22081,21301681,56.8
22093,21307202,56.8
22095,21307218,56.8
22099,21318085,56.9
22113,21320487,56.9
22089,21323769,56.9
22087,21324132,56.9
22103,21348818,56.9
22123,21350305,57.0
22121,21353962,57.0
22107,21359054,57.0
22115,21359708,57.0
22105,21372096,57.0
22117,21373230,57.0
22125,21373257,57.0
22119,21373806,57.0
22109,21375552,57.0
22111,21375561,57.0
23021,21380161,57.0
23001,21382266,57.0
23027,21382284,57.0
23003,21383320,57.0
23007,21387219,57.1
23015,21390610,57.1
23017,21390620,57.1
23013,21390843,57.1
23025,21392138,57.1
23023,21392630,57.1
23005,21393624,57.1
23019,21394041,57.1
23009,21396595,57.1
23011,21396608,57.1
23029,21400313,57.1
24001,21405401,57.1
23031,21408003,57.1
24003,21465479,57.3
24005,21534768,57.4
24009,21536502,57.4
24011,21537145,57.5
24013,21560695,57.5
24015,21563035,57.5
24017,21596208,57.6
24019,21598022,57.6
24021,21630858,57.7
24023,21632192,57.7
24025,21666855,57.8
24027,21671975,57.8
24029,21673916,57.8
24031,21748476,58.0
24033,21916526,58.5
24035,21929692,58.5
24041,21952461,58.6
24037,21955249,58.6
24039,21955280,58.6
24043,21968448,58.6
24045,21989312,58.7
24047,21989331,58.7
24510,22103554,59.0
25001,22131058,59.0
25003,22131187,59.0
25007,22164545,59.1
25005,22175260,59.2
25009,22212542,59.3
25011,22214479,59.3
25013,22240863,59.3
25015,22241874,59.3
25017,22294690,59.5
25019,22306395,59.5
25021,22314453,59.5
25023,22361130,59.6
25025,22398595,59.7
26001,22423499,59.8
26003,22423500,59.8
25027,22434334,59.8
26011,22448177,59.9
26013,22448192,59.9
26005,22455770,59.9
26007,22455897,59.9
26009,22458096,59.9
26019,22466055,59.9
26017,22466783,59.9
26015,22468367,59.9
26029,22474877,60.0
26033,22483968,60.0
26021,22488342,60.0
26023,22488349,60.0
26047,22492997,60.0
26027,22502021,60.0
26035,22502038,60.0
26031,22502052,60.0
26025,22505983,60.0
26043,22511953,60.1
26041,22520474,60.1
26037,22521759,60.1
26039,22521794,60.1
26045,22533066,60.1
26057,22610531,60.3
26059,22611906,60.3
26061,22611954,60.3
26055,22612606,60.3
26049,22612933,60.3
26051,22612946,60.3
26067,22642393,60.4
26065,22644049,60.4
26073,22652727,60.4
26071,22656633,60.4
26069,22656972,60.4
26079,22667390,60.5
26075,22677195,60.5
26077,22678257,60.5
26085,22732071,60.6
26083,22732842,60.6
26081,22742757,60.7
26089,22744756,60.7
26087,22745738,60.7
26091,22760965,60.7
26097,22782455,60.8
26095,22785153,60.8
26093,22786811,60.8
26109,22894111,61.1
26099,22894838,61.1
26101,22895629,61.1
26103,22896705,61.1
26107,22903444,61.1
26113,22904446,61.1
26105,22905791,61.1
26111,22906324,61.1
26115,22922072,61.1
26117,22922364,61.1
26119,22922381,61.1
26123,22934246,61.2
26121,22949558,61.2
26129,23088425,61.6
26131,23088438,61.6
26135,23090846,61.6
26137,23091630,61.6
26133,23091645,61.6
26127,23091939,61.6
26141,23094363,61.6
26143,23094366,61.6
26139,23094985,61.6
26125,23095209,61.6
26145,23129037,61.7
26147,23150536,61.8
26149,23151274,61.8
26151,23160726,61.8
26157,23167878,61.8
26155,23167881,61.8
26159,23178416,61.8
26161,23204725,61.9
27001,23705632,63.2
26165,23707450,63.2
26163,23727599,63.3
27023,23743132,63.3
27015,23758031,63.4
27017,23758047,63.4
27027,23761881,63.4
27009,23762385,63.4
27013,23762411,63.4
27025,23763005,63.4
27005,23763741,63.4
27007,23763753,63.4
27019,23763950,63.4
27021,23764011,63.4
27003,23766068,63.4
27031,23776245,63.4
27033,23776247,63.4
27035,23779818,63.4
27047,23801372,63.5
27045,23803971,63.5
27051,23811624,63.5
27043,23812761,63.5
27039,23813389,63.5
27037,23813685,63.5
27041,23814864,63.5
27049,23814875,63.5
27103,23917376,63.8
27079,23927522,63.8
27059,23935578,63.8
27107,23958017,63.9
27061,23968408,63.9
27093,23968692,63.9
27077,23968751,63.9
27109,23971271,63.9
27057,23971920,63.9
27055,23972018,63.9
27099,23972270,63.9
27117,23972433,63.9
27091,23972745,63.9
27067,23972791,63.9
27071,23972833,63.9
27073,23972845,63.9
27075,23972871,63.9
27121,23973501,63.9
27081,23973614,64.0
27083,23973642,64.0
27053,23974029,64.0
27113,23974057,64.0
27115,23974069,64.0
27095,23977451,64.0
27097,23977465,64.0
27111,23977475,64.0
27133,24013186,64.1
27145,24014368,64.1
27167,24023367,64.1
27123,24028534,64.1
27131,24038095,64.1
27137,24045631,64.1
27139,24045712,64.1
28031,24070067,64.2
27159,24072208,64.2
27163,24072222,64.2
27147,24074099,64.2
27153,24076248,64.2
27165,24076304,64.2
28029,24076674,64.2
28013,24078868,64.2
28017,24078881,64.2
28021,24078883,64.2
28023,24078884,64.2
28025,24078888,64.2
28027,24078892,64.2
27141,24078972,64.2
28065,24087602,64.3
28003,24089815,64.3
28005,24089822,64.3
28009,24089823,64.3
28011,24089836,64.3
27173,24094165,64.3
28001,24094175,64.3
27171,24095188,64.3
28037,24096041,64.3
28041,24096081,64.3
28039,24096427,64.3
28043,24096428,64.3
28055,24100547,64.3
28035,24113473,64.3
28033,24115154,64.3
28045,24115444,64.3
29011,24122209,64.3
28155,24135331,64.4
28083,24135531,64.4
28085,24135534,64.4
28053,24135616,64.4
28125,24139267,64.4
28047,24141106,64.4
28123,24141307,64.4
29025,24145393,64.4
28075,24146001,64.4
28077,24146007,64.4
28079,24146014,64.4
28057,24146332,64.4
28067,24147167,64.4
28059,24151126,64.4
28061,24151128,64.4
28063,24151130,64.4
28069,24151132,64.4
28081,24151400,64.4
29017,24151524,64.4
28071,24158925,64.4
28049,24159377,64.4
28073,24159378,64.4
28101,24165874,64.5
28103,24165877,64.5
28161,24168064,64.5
29015,24169538,64.5
29009,24169859,64.5
28163,24170824,64.5
28089,24171966,64.5
28091,24171967,64.5
28127,24172738,64.5
28129,24172748,64.5
28131,24172750,64.5
28133,24172763,64.5
28137,24172774,64.5
28139,24172805,64.5
28145,24172812,64.5
28149,24172842,64.5
28117,24173129,64.5
28095,24173476,64.5
28099,24173501,64.5
29013,24173592,64.5
28087,24173978,64.5
28105,24173984,64.5
28107,24173991,64.5
28151,24174072,64.5
28153,24174075,64.5
28157,24174076,64.5
28159,24174080,64.5
28109,24174257,64.5
28111,24174259,64.5
28113,24174266,64.5
28093,24174272,64.5
28121,24174404,64.5
29019,24175510,64.5
29003,24176383,64.5
29007,24176416,64.5
29021,24177127,64.5
29001,24177131,64.5
29031,24177141,64.5
29027,24177974,64.5
29029,24177981,64.5
29023,24180758,64.5
29069,24219095,64.6
29039,24221150,64.6
29041,24222042,64.6
29043,24222080,64.6
29073,24223597,64.6
29037,24225359,64.6
29059,24225518,64.6
29063,24227073,64.6
29065,24228956,64.6
29067,24229000,64.6
29055,24229084,64.6
29047,24229324,64.6
29051,24229332,64.6
29053,24229346,64.6
29091,24260297,64.7
29077,24260570,64.7
29071,24261087,64.7
29095,24392769,65.1
29097,24395971,65.1
29105,24396506,65.1
29179,24402566,65.1
29123,24403843,65.1
29107,24407773,65.1
29111,24409834,65.1
29133,24410196,65.1
29135,24410211,65.1
29175,24411100,65.1
29109,24412242,65.1
29113,24412255,65.1
29157,24412858,65.1
29115,24413095,65.1
29117,24413096,65.1
29159,24415754,65.1
29121,24416032,65.1
29119,24416216,65.1
29099,24419006,65.1
29101,24419033,65.1
29161,24419739,65.1
29163,24419752,65.1
29145,24422768,65.1
29155,24422794,65.1
29169,24422836,65.1
29165,24422892,65.1
29131,24422913,65.1
29181,24423624,65.2
29167,24423804,65.2
29143,24429100,65.2
29187,24430893,65.2
29125,24431625,65.2
29127,24431640,65.2
29141,24431679,65.2
29185,24453144,65.2
29186,24453147,65.2
29183,24470587,65.3
29195,24595153,65.6
29209,24597744,65.6
29189,24598842,65.6
29201,24598910,65.6
29207,24600041,65.6
29217,24610933,65.7
29221,24611115,65.7
29223,24611127,65.7
29225,24611128,65.7
29213,24613751,65.7
30003,24641042,65.7
30005,24641050,65.7
30007,24647879,65.7
30001,24665068,65.8
30027,24670447,65.8
30009,24670558,65.8
30011,24670559,65.8
30021,24670661,65.8
30025,24672451,65.8
30015,24672511,65.8
30023,24672598,65.8
30017,24673382,65.8
30019,24673384,65.8
29510,24674088,65.8
30013,24674138,65.8
30079,24676598,65.8
30045,24678287,65.8
30033,24680698,65.8
30035,24680719,65.8
30037,24680720,65.8
30071,24681871,65.8
30075,24681888,65.8
30077,24681892,65.8
30055,24683993,65.8
30029,24698389,65.9
30039,24700889,65.9
30041,24700895,65.9
30043,24701195,65.9
31027,24702862,65.9
31029,24702865,65.9
30051,24705756,65.9
30069,24705847,65.9
30073,24705855,65.9
30047,24706025,65.9
30099,24706990,65.9
30101,24707011,65.9
30103,24707013,65.9
30107,24707561,65.9
30109,24707563,65.9
30049,24708503,65.9
30053,24709487,65.9
30065,24709610,65.9
31047,24712085,65.9
31049,24712086,65.9
31051,24712088,65.9
31053,24712095,65.9
30091,24719698,65.9
30059,24722010,65.9
30061,24722031,65.9
30057,24722829,65.9
30067,24723847,66.0
30105,24723927,66.0
30031,24724954,66.0
30063,24724973,66.0
31045,24725330,66.0
30083,24731832,66.0
30085,24731842,66.0
30087,24731844,66.0
31007,24732621,66.0
31009,24732625,66.0
31011,24732632,66.0
31013,24732641,66.0
31015,24732644,66.0
31017,24732645,66.0
31019,24732649,66.0
31035,24732765,66.0
31003,24732810,66.0
31117,24733554,66.0
30081,24734018,66.0
31113,24742422,66.0
30089,24743200,66.0
30093,24743249,66.0
30095,24743260,66.0
30097,24743269,66.0
31037,24744686,66.0
31039,24744717,66.0
31041,24744720,66.0
31043,24744722,66.0
31031,24747773,66.0
31033,24747774,66.0
31083,24748503,66.0
31091,24757419,66.0
31183,24757937,66.0
31001,24760280,66.0
31021,24760298,66.0
31023,24760427,66.0
31025,24760440,66.0
31071,24761704,66.1
30111,24762378,66.1
31123,24771592,66.1
31059,24773616,66.1
31065,24773629,66.1
31129,24785797,66.1
31069,24787639,66.1
31073,24787640,66.1
31077,24787642,66.1
31081,24788776,66.1
31087,24788777,66.1
31089,24788782,66.1
31093,24788784,66.1
31095,24788785,66.1
31097,24788786,66.1
31099,24789429,66.1
31101,24789447,66.1
31105,24789450,66.1
31107,24789461,66.1
31057,24789645,66.1
31061,24789652,66.1
31063,24789657,66.1
31067,24789691,66.1
31079,24789748,66.1
31055,24790156,66.1
31147,24791736,66.1
31149,24791737,66.1
31131,24796389,66.1
31133,24796392,66.1
31135,24796393,66.1
31137,24796405,66.1
31139,24797173,66.1
31143,24797179,66.1
31145,24797184,66.1
31125,24798011,66.1
31127,24799688,66.2
31161,24800559,66.2
31163,24800563,66.2
31165,24800565,66.2
31167,24800574,66.2
31169,24800579,66.2
31173,24800581,66.2
31175,24800582,66.2
31151,24816348,66.2
31121,24819036,66.2
31119,24821136,66.2
31179,24822041,66.2
31181,24822044,66.2
31111,24822099,66.2
31109,24828000,66.2
31155,24828182,66.2
31159,24832573,66.2
31157,24834791,66.2
31153,24834855,66.2
31177,24834885,66.2
31185,24840324,66.3
32001,24845498,66.3
32003,25853963,69.0
32009,25871213,69.0
32011,25871251,69.0
32005,25872379,69.0
32015,25874740,69.0
32013,25875023,69.0
32007,25877463,69.0
32017,25878909,69.0
32021,25907917,69.1
32019,25914017,69.1
32029,25937618,69.2
32023,25941572,69.2
32027,25944504,69.2
32033,26061257,69.5
32031,26063896,69.5
33001,26073686,69.6
32510,26075697,69.6
33003,26078344,69.6
33005,26089806,69.6
33007,26089824,69.6
33009,26089826,69.6
33011,26091038,69.6
33013,26092509,69.6
33015,26099855,69.6
33017,26100780,69.6
33019,26102825,69.6
34001,26148955,69.8
34003,26218397,69.9
34005,26280169,70.1
34007,26346918,70.3
34009,26407723,70.4
34011,26413790,70.5
34013,26492807,70.7
34015,26528793,70.8
34017,26574177,70.9
34019,26598909,71.0
34021,26828153,71.6
34023,26898041,71.8
34025,26948340,71.9
34027,26974027,72.0
34029,27059543,72.2
34031,27103935,72.3
34033,27104919,72.3
34035,27141292,72.4
34037,27181988,72.5
34039,27224970,72.6
34041,27252529,72.7
35007,27293049,72.8
35006,27293343,72.8
35045,27305796,72.8
35009,27306232,72.8
35001,27307776,72.8
35017,27312905,72.9
35005,27313596,72.9
35037,27320907,72.9
35028,27320996,72.9
35029,27320997,72.9
35015,27324776,72.9
35035,27324800,72.9
35019,27326536,72.9
35027,27326547,72.9
35047,27332379,72.9
35013,27337049,72.9
35039,27337070,72.9
35041,27337217,72.9
35043,27338428,72.9
35051,27354269,73.0
35049,27355381,73.0
35059,27357904,73.0
35053,27358115,73.0
35055,27358120,73.0
35057,27358131,73.0
36003,27365711,73.0
36001,27376552,73.0
35061,27379687,73.0
36015,27398898,73.1
36007,27406020,73.1
36011,27410357,73.1
36005,27411195,73.1
36009,27411331,73.1
36019,27414759,73.1
36013,27416302,73.1
36025,27418147,73.1
36021,27418570,73.1
36023,27418589,73.1
36017,27418714,73.1
36027,27451133,73.2
36031,27469923,73.3
36039,27473556,73.3
36041,27473560,73.3
36033,27475014,73.3
36029,27480067,73.3
36043,27482230,73.3
36035,27492726,73.3
36037,27492738,73.3
36045,27503175,73.4
36049,27559264,73.5
36051,27562172,73.5
36053,27564060,73.5
36047,27568091,73.5
36055,27619548,73.7
36057,27622696,73.7
36059,27688033,73.9
36061,27703699,73.9
36065,27720121,73.9
36063,27720769,73.9
36067,27738921,74.0
36069,27740073,74.0
36073,27753355,74.0
36071,27774567,74.1
36077,27777590,74.1
36075,27784202,74.1
36079,27784719,74.1
36081,27878118,74.4
36083,27886152,74.4
36085,27909120,74.4
36089,27923304,74.5
36087,27930609,74.5
36095,27930738,74.5
36097,27930745,74.5
36091,27933776,74.5
36099,27934081,74.5
36101,27936827,74.5
36093,27947355,74.6
36109,28042113,74.8
36107,28042274,74.8
36113,28047325,74.8
36103,28049669,74.8
36105,28053023,74.8
36117,28055556,74.8
36115,28057773,74.8
36111,28060101,74.9
36123,28078780,74.9
36121,28079648,74.9
36119,28080538,74.9
37001,28096999,74.9
37013,28099866,75.0
37015,28099869,75.0
37007,28102651,75.0
37009,28102681,75.0
37003,28103155,75.0
37011,28105496,75.0
37005,28105737,75.0
37017,28106440,75.0
37019,28122548,75.0
37023,28128831,75.0
37021,28138547,75.1
37025,28158906,75.1
37027,28161671,75.1
37029,28161698,75.1
37031,28167873,75.1
37035,28179661,75.2
37033,28183005,75.2
37041,28184723,75.2
37043,28187575,75.2
37045,28190029,75.2
37039,28192635,75.2
37037,28192653,75.2
37047,28198282,75.2
37049,28201605,75.2
37053,28232229,75.3
37055,28232301,75.3
37051,28232385,75.3
37061,28249269,75.4
37059,28255304,75.4
37057,28262163,75.4
37063,28279026,75.4
37065,28279079,75.4
37067,28311936,75.5
37069,28319486,75.5
37079,28343681,75.6
37071,28349328,75.6
37073,28352781,75.6
37075,28352818,75.6
37077,28352821,75.6
37083,28389504,75.7
37081,28390830,75.7
37087,28398357,75.8
37085,28398401,75.8
37091,28410091,75.8
37095,28413354,75.8
37089,28413930,75.8
37093,28414620,75.8
37097,28430593,75.8
37099,28433823,75.8
37103,28458047,75.9
37101,28461911,75.9
37113,28462365,75.9
37115,28467871,75.9
37117,28468747,75.9
37111,28469970,75.9
37105,28470505,75.9
37107,28473451,76.0
37109,28473490,76.0
37119,28583927,76.2
37121,28585016,76.3
37123,28585795,76.3
37127,28591100,76.3
37125,28591711,76.3
37131,28608436,76.3
37137,28617359,76.3
37135,28619138,76.3
37129,28620314,76.3
37133,28620348,76.3
37139,28629535,76.4
37143,28631444,76.4
37149,28632178,76.4
37141,28635755,76.4
37145,28637640,76.4
37147,28642902,76.4
37151,28655888,76.4
37153,28656382,76.4
37155,28660331,76.5
37157,28666185,76.5
37159,28676406,76.5
37167,28676481,76.5
37165,28683175,76.5
37161,28684086,76.5
37163,28684100,76.5
37173,28690640,76.5
37177,28691691,76.5
37171,28692108,76.5
37175,28692138,76.5
37169,28702297,76.6
37179,28708602,76.6
37181,28708648,76.6
37185,28754647,76.7
37187,28758732,76.7
38001,28775893,76.8
37189,28776642,76.8
37183,28779899,76.8
38007,28780742,76.8
38091,28781180,76.8
38009,28782016,76.8
38011,28782019,76.8
38013,28782032,76.8
37191,28783356,76.8
37193,28784741,76.8
37195,28786493,76.8
38019,28787938,76.8
38021,28787940,76.8
38023,28787945,76.8
38025,28787949,76.8
38029,28787952,76.8
38031,28787955,76.8
38033,28787956,76.8
37197,28790574,76.8
37199,28790613,76.8
38015,28791896,76.8
38037,28792612,76.8
38017,28793550,76.8
38003,28794765,76.8
38005,28794775,76.8
38093,28795853,76.8
38041,28797816,76.8
38043,28797820,76.8
38045,28797827,76.8
38049,28797850,76.8
38051,28797863,76.8
38053,28797869,76.8
38055,28797872,76.8
38057,28797875,76.8
38081,28797902,76.8
38095,28799079,76.8
38097,28799091,76.8
38083,28801517,76.8
38087,28801519,76.8
38089,28801528,76.8
38035,28802772,76.8
38039,28802782,76.8
38079,28803410,76.8
38103,28803426,76.8
38105,28803428,76.8
38059,28817374,76.9
38061,28817385,76.9
38063,28817389,76.9
38065,28817390,76.9
38067,28818980,76.9
38069,28818986,76.9
38071,28819007,76.9
39001,28819108,76.9
38101,28819953,76.9
38075,28821698,76.9
38077,28821866,76.9
39003,28821894,76.9
38073,28823720,76.9
38099,28823734,76.9
39005,28824804,76.9
39007,28829529,76.9
39009,28830916,76.9
39011,28831357,76.9
39013,28838025,76.9
39015,28860991,77.0
39017,28884020,77.0
39019,28888850,77.1
39021,28893348,77.1
39023,28916545,77.1
39025,28926979,77.2
39031,28934684,77.2
39027,28940442,77.2
39029,28940455,77.2
39033,28945817,77.2
39035,29200940,77.9
39037,29209661,77.9
39039,29209767,77.9
39041,29226474,78.0
39043,29235797,78.0
39045,29241259,78.0
39047,29241264,78.0
39049,29382735,78.4
39051,29388390,78.4
39053,29389389,78.4
39059,29396137,78.4
39055,29398313,78.4
39057,29400338,78.4
39065,29474494,78.6
39063,29475116,78.6
39069,29476902,78.6
39061,29477481,78.6
39067,29477497,78.6
39073,29482873,78.6
39071,29483083,78.6
39077,29489509,78.7
39075,29489702,78.7
39081,29495181,78.7
39079,29496329,78.7
39083,29499104,78.7
39085,29526846,78.8
39087,29527353,78.8
39089,29535123,78.8
39091,29538826,78.8
39093,29578915,78.9
39095,29642306,79.1
39097,29646331,79.1
39099,29659932,79.1
39101,29679417,79.2
39105,29690067,79.2
39103,29690656,79.2
39111,29691251,79.2
39107,29693507,79.2
39109,29694574,79.2
39115,29807535,79.5
39117,29809463,79.5
39113,29810901,79.5
39127,29813179,79.5
39123,29816666,79.5
39131,29817344,79.5
39119,29817415,79.5
39121,29817431,79.5
39125,29817436,79.5
39129,29817554,79.5
39135,29840104,79.6
39137,29846019,79.6
39133,29859082,79.6
39139,29859174,79.7
39141,29859601,79.7
39143,29863509,79.7
39145,29875843,79.7
39147,29875854,79.7
39149,29881528,79.7
39151,29943093,79.9
39153,30032840,80.1
39155,30052934,80.2
39157,30068115,80.2
39163,30068155,80.2
39161,30072481,80.2
39159,30075929,80.2
39165,30093900,80.3
39167,30097178,80.3
39169,30100726,80.3
39171,30101046,80.3
40003,30106999,80.3
40013,30113600,80.3
40011,30113710,80.3
39173,30114588,80.3
39175,30114596,80.3
40005,30116465,80.3
40007,30116478,80.3
40009,30116512,80.3
40001,30118918,80.3
40015,30123611,80.4
40017,30133709,80.4
40019,30133729,80.4
40023,30137289,80.4
40025,30137305,80.4
40021,30140051,80.4
40029,30162245,80.5
40027,30164816,80.5
40033,30169123,80.5
40035,30171353,80.5
40039,30175922,80.5
40031,30177057,80.5
40043,30193357,80.5
40037,30194094,80.5
40045,30194845,80.5
40059,30197246,80.6
40053,30197851,80.6
40041,30198228,80.6
40071,30200451,80.6
40065,30200533,80.6
40073,30201463,80.6
40047,30202605,80.6
40049,30202654,80.6
40061,30202669,80.6
40063,30202674,80.6
40057,30203122,80.6
40067,30203147,80.6
40069,30203157,80.6
40051,30207257,80.6
40055,30207267,80.6
40081,30207829,80.6
40075,30209907,80.6
40077,30209942,80.6
40079,30209951,80.6
40087,30215990,80.6
40089,30216021,80.6
40083,30221811,80.6
40085,30221819,80.6
40103,30235964,80.7
40105,30239086,80.7
40107,30239116,80.7
40099,30243811,80.7
40095,30244140,80.7
40097,30244163,80.7
40101,30244876,80.7
40091,30244917,80.7
40093,30244921,80.7
40109,30334175,80.9
40115,30338416,80.9
40119,30340490,80.9
40117,30344076,80.9
40111,30345344,80.9
40123,30347457,81.0
40113,30351501,81.0
40121,30356110,81.0
40125,30367097,81.0
40127,30369343,81.0
40129,30369362,81.0
40133,30370113,81.0
40139,30376491,81.0
40131,30377170,81.0
40135,30377181,81.0
40141,30377236,81.0
40137,30379923,81.0
40143,30464978,81.3
40151,30483748,81.3
41001,30486065,81.3
40149,30488625,81.3
40153,30489805,81.3
40145,30490415,81.3
40147,30491018,81.3
41003,30494240,81.3
41005,30539739,81.5
41007,30562566,81.5
41013,30570280,81.5
41009,30571754,81.6
41015,30577143,81.6
41011,30578370,81.6
41017,30617918,81.7
41021,30635431,81.7
41023,30635438,81.7
41025,30645229,81.7
41027,30645233,81.7
41019,30646473,81.8
41031,30676707,81.8
41029,30679377,81.8
41037,30689431,81.9
41033,30693978,81.9
41035,30695320,81.9
41039,30736866,82.0
41041,30740276,82.0
41045,30767924,82.1
41043,30773770,82.1
41049,30796456,82.2
41047,30814529,82.2
41051,30913007,82.5
41061,30914332,82.5
41063,30914345,82.5
41055,30919095,82.5
41057,30926007,82.5
41059,30926047,82.5
41065,30926074,82.5
41053,30927005,82.5
41069,30988097,82.7
41067,31001522,82.7
41071,31006795,82.7
42001,31016772,82.7
42005,31085553,82.9
42009,31087756,82.9
42003,31088072,82.9
42007,31110850,83.0
42013,31125100,83.0
42015,31125592,83.0
42011,31130026,83.0
42021,31164144,83.1
42019,31169327,83.1
42017,31169518,83.1
42023,31169524,83.1
42025,31174086,83.2
42027,31177060,83.2
42037,31200083,83.2
42039,31204698,83.2
42033,31206056,83.2
42035,31206080,83.2
42029,31206331,83.2
42031,31206353,83.2
42041,31210561,83.3
42043,31247221,83.4
42053,31273055,83.4
42045,31280945,83.4
42067,31283512,83.4
42061,31284419,83.5
42059,31285878,83.5
42047,31285936,83.5
42057,31286996,83.5
42065,31288300,83.5
42051,31289738,83.5
42055,31289758,83.5
42049,31290018,83.5
42063,31294098,83.5
42069,31305578,83.5
42071,31334525,83.6
42073,31337190,83.6
42075,31337683,83.6
42077,31337726,83.6
42081,31366562,83.7
42083,31367233,83.7
42079,31376288,83.7
42085,31378083,83.7
42087,31378124,83.7
42089,31416548,83.8
42093,31455174,83.9
42091,31464445,83.9
42097,31483121,84.0
42095,31486205,84.0
42099,31499302,84.0
42101,31649414,84.4
42105,31650109,84.4
42103,31652792,84.4
42119,31662639,84.5
42109,31665374,84.5
42107,31665603,84.5
42123,31679089,84.5
42117,31681271,84.5
42121,31684598,84.5
42127,31685322,84.5
42111,31685773,84.5
42113,31685779,84.5
42115,31685799,84.5
42125,31691977,84.5
42131,31693456,84.5
42129,31694809,84.5
42133,31737022,84.7
44001,31741605,84.7
44005,31764712,84.7
44003,31766945,84.7
45001,31795021,84.8
45005,31813023,84.9
44007,31822132,84.9
44009,31826595,84.9
45003,31827052,84.9
45011,31847222,85.0
45009,31859908,85.0
45007,31863569,85.0
45013,31896276,85.1
45017,31900556,85.1
45015,31902214,85.1
45033,31926536,85.2
45025,31926860,85.2
45027,31926877,85.2
45029,31927163,85.2
45021,31927487,85.2
45023,31927492,85.2
45031,31931685,85.2
45019,31932938,85.2
45037,31934770,85.2
45039,31944984,85.2
45035,31948076,85.2
45041,31948268,85.2
45043,31956179,85.2
45047,31972718,85.3
45049,31972773,85.3
45045,31974370,85.3
45061,31998996,85.4
45059,32004569,85.4
45053,32009723,85.4
45051,32009996,85.4
45057,32012155,85.4
45055,32014064,85.4
45063,32021765,85.4
45065,32032670,85.4
45071,32034066,85.5
45073,32039254,85.5
45075,32039349,85.5
45077,32044818,85.5
46025,32078078,85.6
45081,32086751,85.6
45079,32093582,85.6
46073,32103708,85.6
46077,32103712,85.6
46033,32106808,85.6
46035,32106826,85.6
46039,32110402,85.7
46043,32110414,85.7
46065,32110416,85.7
46097,32110503,85.7
46005,32117523,85.7
46021,32117527,85.7
46029,32117555,85.7
46089,32117600,85.7
45087,32121079,85.7
46083,32121549,85.7
45089,32121987,85.7
46099,32123876,85.7
46117,32124486,85.7
45091,32124898,85.7
46115,32126508,85.7
45083,32129080,85.7
45085,32129096,85.7
46103,32129134,85.7
46105,32129151,85.7
46111,32129158,85.7
46127,32130604,85.7
46135,32130625,85.7
47001,32140605,85.7
47007,32140661,85.7
47003,32142505,85.7
47005,32142518,85.7
47009,32144469,85.7
47015,32158711,85.8
47019,32163024,85.8
47017,32163077,85.8
47023,32163698,85.8
47011,32163715,85.8
47021,32163971,85.8
47013,32164000,85.8
47027,32167945,85.8
47025,32171310,85.8
47033,32176668,85.8
47031,32178667,85.8
47029,32179517,85.8
47035,32193582,85.9
47041,32245532,86.0
47039,32245990,86.0
47037,32246843,86.0
47043,32255638,86.0
47045,32255655,86.0
47047,32261863,86.1
47049,32261901,86.1
47051,32274132,86.1
47057,32274334,86.1
47055,32274665,86.1
47061,32280917,86.1
47053,32281095,86.1
47063,32281573,86.1
47059,32285053,86.1
47067,32296254,86.2
47065,32312820,86.2
47069,32314626,86.2
47071,32318354,86.2
47091,32328904,86.2
47083,32329014,86.2
47081,32329583,86.2
47079,32329854,86.2
47075,32330670,86.2
47085,32331551,86.2
47073,32332809,86.2
47077,32332835,86.2
47087,32334632,86.3
47089,32335656,86.3
47095,32359923,86.3
47097,32369297,86.3
47093,32369330,86.3
47103,32378534,86.4
47099,32380338,86.4
47101,32380373,86.4
47107,32387315,86.4
47111,32387532,86.4
47109,32387635,86.4
47105,32390403,86.4
47113,32400163,86.4
47115,32403511,86.4
47117,32404916,86.4
47121,32408567,86.5
47119,32409055,86.5
47123,32412037,86.5
47127,32417569,86.5
47125,32426454,86.5
47133,32426637,86.5
47135,32426650,86.5
47137,32430208,86.5
47129,32430639,86.5
47131,32432336,86.5
47139,32436892,86.5
47141,32437224,86.5
47143,32443952,86.5
47145,32444456,86.5
47147,32458608,86.6
47151,32465219,86.6
47153,32473738,86.6
47149,32477173,86.6
47155,32488642,86.7
47161,32618385,87.0
47157,32621513,87.0
47159,32621515,87.0
47163,32634893,87.1
47177,32635762,87.1
47171,32639262,87.1
47175,32639417,87.1
47173,32640241,87.1
47169,32642251,87.1
47167,32647623,87.1
47165,32648392,87.1
48003,32653857,87.1
47181,32659582,87.1
47179,32659881,87.1
47185,32669009,87.1
47183,32670283,87.1
48005,32672496,87.2
48007,32672510,87.2
48009,32673220,87.2
48001,32675164,87.2
47187,32675248,87.2
48013,32688334,87.2
48015,32688358,87.2
48017,32688360,87.2
48019,32688367,87.2
47189,32688373,87.2
48025,32705838,87.2
48021,32710571,87.3
48027,32742137,87.3
48031,32946822,87.9
48035,32949917,87.9
48029,32950181,87.9
48037,32950859,87.9
48047,32981718,88.0
48041,32989460,88.0
48039,32989644,88.0
48043,32994083,88.0
48049,32994739,88.0
48051,32994760,88.0
48057,33008487,88.1
48059,33012250,88.1
48055,33014051,88.1
48053,33014238,88.1
48063,33040403,88.1
48079,33048149,88.2
48081,33048155,88.2
48083,33048165,88.2
48061,33051989,88.2
48077,33055187,88.2
48069,33055610,88.2
48071,33058560,88.2
48073,33058614,88.2
48065,33059040,88.2
48067,33062081,88.2
48089,33146460,88.4
48103,33146825,88.4
48107,33155314,88.4
48109,33155328,88.4
48085,33158215,88.5
48097,33160569,88.5
48091,33164949,88.5
48093,33171152,88.5
48099,33172199,88.5
48119,33531230,89.4
48115,33533748,89.5
48117,33533749,89.5
48113,33535288,89.5
48137,33603738,89.6
48123,33606749,89.6
48127,33606759,89.6
48129,33606771,89.6
48131,33606790,89.6
48133,33606807,89.6
48121,33614186,89.7
48135,33616106,89.7
48139,33631292,89.7
48145,33654059,89.8
48149,33654866,89.8
48151,33654867,89.8
48153,33654871,89.8
48147,33659174,89.8
48141,33663168,89.8
48143,33663250,89.8
48165,33735351,90.0
48163,33735635,90.0
48161,33739090,90.0
48159,33739241,90.0
48157,33745920,90.0
48173,33799617,90.2
48175,33799620,90.2
48167,33801523,90.2
48169,33801525,90.2
48171,33801526,90.2
48177,33801653,90.2
48179,33801676,90.2
48181,33809697,90.2
48185,33813290,90.2
48183,33815364,90.2
48189,33819546,90.2
48193,33823215,90.2
48195,33823219,90.2
48199,33823247,90.2
48187,33836670,90.3
48205,34119255,91.0
48207,34119259,91.0
48201,34122784,91.0
48211,34132938,91.1
48203,34133010,91.1
48209,34134643,91.1
48213,34152163,91.1
48219,34265211,91.4
48235,34274485,91.4
48225,34275850,91.4
48217,34277435,91.4
48215,34277540,91.4
48237,34281283,91.4
48227,34281827,91.4
48229,34285369,91.5
48239,34285946,91.5
48231,34287425,91.5
48241,34289642,91.5
48243,34289655,91.5
48223,34292456,91.5
48233,34292615,91.5
48221,34296406,91.5
48261,34297942,91.5
48247,34303666,91.5
48249,34310617,91.5
48267,34316023,91.5
48275,34322582,91.6
48245,34322851,91.6
48271,34323488,91.6
48273,34325304,91.6
48253,34329651,91.6
48255,34329662,91.6
48265,34332907,91.6
48251,34336241,91.6
48259,34336415,91.6
48257,34336629,91.6
48285,34338315,91.6
48279,34349799,91.6
48281,34349828,91.6
48283,34349839,91.6
48301,34350041,91.6
48277,34351488,91.6
48295,34354288,91.6
48287,34357125,91.6
48289,34357758,91.7
48293,34359595,91.7
48291,34366097,91.7
48297,34368031,91.7
48299,34369391,91.7
48311,34381887,91.7
48327,34384152,91.7
48317,34390703,91.7
48313,34392117,91.7
48315,34392126,91.7
48303,34395823,91.8
48309,34402141,91.8
48333,34404003,91.8
48323,34406813,91.8
48335,34407447,91.8
48321,34407925,91.8
48331,34407964,91.8
48337,34408030,91.8
48325,34409245,91.8
48329,34409265,91.8
48351,34474232,92.0
48343,34476199,92.0
48341,34477107,92.0
48339,34477232,92.0
48353,34477856,92.0
48347,34480225,92.0
48349,34489487,92.0
48357,34499816,92.0
48365,34511204,92.1
48355,34517320,92.1
48363,34519587,92.1
48361,34521947,92.1
48369,34527287,92.1
48373,34531744,92.1
48367,34533113,92.1
48379,34538309,92.1
48377,34539610,92.1
48383,34540642,92.1
48375,34540754,92.1
48381,34548280,92.2
48385,34548827,92.2
48391,34553127,92.2
48387,34554830,92.2
48395,34558911,92.2
48437,34560015,92.2
48417,34563235,92.2
48419,34563251,92.2
48405,34563309,92.2
48399,34563970,92.2
48411,34564035,92.2
48413,34564038,92.2
48415,34564052,92.2
48401,34567999,92.2
48403,34568010,92.2
48397,34572889,92.2
48425,34575430,92.2
48409,34576133,92.2
48407,34581033,92.2
48423,34581052,92.2
48431,34581634,92.2
48429,34584680,92.3
48427,34585725,92.3
48443,34835003,92.9
48445,34850033,93.0
48447,34850034,93.0
48449,34863906,93.0
48439,34866236,93.0
48441,34866244,93.0
48451,34873868,93.0
48457,34978073,93.3
48461,34978903,93.3
48463,34981946,93.3
48453,34990426,93.3
48465,34993793,93.3
48459,34994917,93.3
48475,34999408,93.4
48477,34999447,93.4
48455,35000516,93.4
48467,35000540,93.4
48473,35000744,93.4
48471,35001470,93.4
48469,35005226,93.4
48481,35009432,93.4
48487,35009975,93.4
48489,35010007,93.4
48479,35013588,93.4
48485,35022547,93.4
48495,35066751,93.5
48493,35077550,93.6
48507,35081564,93.6
48505,35082337,93.6
48491,35083049,93.6
48499,35084423,93.6
48497,35085094,93.6
49001,35087782,93.6
48501,35088581,93.6
48503,35088589,93.6
49005,35102396,93.6
49003,35103570,93.6
49007,35108371,93.7
49023,35140800,93.7
49025,35143566,93.7
49011,35144620,93.7
49013,35146464,93.8
49029,35149403,93.8
49027,35149629,93.8
49021,35153268,93.8
49039,35301934,94.2
49035,35305000,94.2
49037,35305002,94.2
49041,35309147,94.2
49043,35333885,94.3
49045,35337452,94.3
49047,35343877,94.3
49049,35426434,94.5
49051,35433382,94.5
49053,35463022,94.6
50011,35506736,94.7
51011,35524975,94.8
51003,35529157,94.8
51005,35529161,94.8
51007,35529169,94.8
51009,35531083,94.8
49057,35531890,94.8
51021,35532152,94.8
51001,35533570,94.8
51025,35542225,94.8
51027,35542253,94.8
51029,35545063,94.8
51013,35545684,94.8
51023,35546538,94.8
51031,35547930,94.8
51015,35549312,94.8
51017,35549342,94.8
51019,35549374,94.8
51037,35554050,94.8
51035,35563250,94.9
51036,35563294,94.9
51033,35569568,94.9
51057,35601971,95.0
51051,35611099,95.0
51049,35611132,95.0
51043,35614991,95.0
51041,35615028,95.0
51053,35615987,95.0
51045,35616717,95.0
51047,35616753,95.0
51059,35748579,95.4
51063,35749222,95.4
51061,35751893,95.4
51065,35755703,95.4
51067,35755716,95.4
51081,35767449,95.4
51077,35778364,95.4
51071,35779442,95.4
51079,35782830,95.5
51083,35784958,95.5
51075,35787939,95.5
51069,35789742,95.5
51073,35789775,95.5
51085,35791558,95.5
51087,35831219,95.6
51097,35831494,95.6
51091,35834725,95.6
51089,35837884,95.6
51093,35839397,95.6
51095,35842741,95.6
51099,35843903,95.6
51103,35848102,95.6
51105,35848109,95.6
51101,35859668,95.7
51107,35895825,95.8
51133,35897926,95.8
51119,35899435,95.8
51113,35900592,95.8
51115,35900740,95.8
51117,35900777,95.8
51109,35901040,95.8
51111,35901052,95.8
51121,35905407,95.8
51131,35909866,95.8
51125,35909913,95.8
51127,35912117,95.8
51135,35912146,95.8
51137,35915780,95.8
51139,35929970,95.8
51141,35930007,95.8
51147,35931924,95.8
51145,35931973,95.8
51143,35932874,95.9
51149,35934009,95.9
51155,36027357,96.1
51159,36036672,96.1
51153,36039048,96.1
51157,36044754,96.2
51161,36044852,96.2
51163,36047986,96.2
51167,36048101,96.2
51165,36048255,96.2
51169,36051595,96.2
51175,36055789,96.2
51173,36057769,96.2
51171,36058740,96.2
51177,36085969,96.3
51179,36115414,96.3
51181,36115442,96.3
51185,36117144,96.3
51183,36117188,96.3
51191,36119188,96.3
51193,36121149,96.4
51195,36122680,96.4
51187,36123026,96.4
51515,36124582,96.4
51520,36126244,96.4
51197,36126824,96.4
51199,36127137,96.4
51510,36130662,96.4
51530,36133724,96.4
51540,36153630,96.4
51580,36167286,96.5
51550,36168413,96.5
51595,36179771,96.5
51620,36179791,96.5
51630,36187973,96.5
51570,36190816,96.5
51590,36195415,96.6
51690,36198033,96.6
51670,36204753,96.6
51680,36206811,96.6
51650,36209162,96.6
51700,36239482,96.7
51730,36274481,96.8
51710,36277476,96.8
51750,36288070,96.8
51740,36302798,96.8
51760,36318779,96.9
51775,36343339,96.9
51770,36347172,97.0
51790,36351725,97.0
51800,36355057,97.0
51820,36421217,97.2
53001,36421814,97.2
53003,36421913,97.2
51810,36424214,97.2
51830,36424227,97.2
51840,36425438,97.2
53005,36435004,97.2
53007,36435577,97.2
53009,36449771,97.2
53013,36488024,97.3
53011,36493047,97.3
53015,36515734,97.4
53019,36515741,97.4
53017,36517488,97.4
53021,36525818,97.4
53025,36529145,97.4
53027,36535717,97.5
53029,36536936,97.5
53031,36557693,97.5
53033,36692592,97.9
53035,36731061,98.0
53037,36738065,98.0
53041,36748070,98.0
53051,36756517,98.0
53045,36756968,98.1
53049,36758946,98.1
53047,36763078,98.1
53059,36890087,98.4
53053,36891273,98.4
53055,36891346,98.4
53057,36900777,98.4
53061,36993514,98.7
53063,37038679,98.8
53065,37038705,98.8
53069,37062969,98.9
53071,37062970,98.9
53067,37071980,98.9
53073,37090974,98.9
54001,37096018,99.0
54007,37101192,99.0
53077,37101258,99.0
54009,37103657,99.0
54005,37105097,99.0
54013,37109150,99.0
54015,37109161,99.0
54017,37109178,99.0
54011,37109241,99.0
54003,37109364,99.0
54019,37116703,99.0
54021,37116714,99.0
54023,37116726,99.0
54025,37130071,99.0
54035,37130096,99.0
54033,37131484,99.0
54027,37131501,99.0
54047,37132775,99.1
54031,37134088,99.1
54029,37134301,99.1
54053,37136165,99.1
54087,37136419,99.1
54089,37136424,99.1
54091,37136429,99.1
54059,37136832,99.1
54085,37137194,99.1
54043,37137754,99.1
54037,37139078,99.1
54103,37139612,99.1
54105,37139626,99.1
54045,37139892,99.1
54041,37140434,99.1
54049,37143306,99.1
54039,37143697,99.1
54065,37147902,99.1
54071,37148284,99.1
54075,37148819,99.1
54077,37148843,99.1
54067,37149396,99.1
54093,37149438,99.1
54095,37149451,99.1
54097,37149452,99.1
54063,37149955,99.1
54073,37149960,99.1
54069,37151055,99.1
54079,37151070,99.1
54051,37151145,99.1
54081,37151568,99.1
54083,37151586,99.1
54055,37151805,99.1
54057,37151809,99.1
54061,37154506,99.1
54099,37160919,99.1
54101,37160960,99.1
55007,37168104,99.1
54107,37171221,99.2
54109,37171228,99.2
55001,37174648,99.2
55005,37177136,99.2
55011,37178431,99.2
55003,37179683,99.2
55009,37183758,99.2
55013,37188555,99.2
55021,37189714,99.2
55015,37190756,99.2
55017,37191020,99.2
55019,37191745,99.2
55023,37195813,99.2
55025,37219751,99.3
55029,37226443,99.3
55033,37228958,99.3
55027,37229262,99.3
55031,37229699,99.3
55051,37232356,99.3
55037,37234745,99.3
55035,37236978,99.3
55039,37239407,99.3
55053,37239414,99.3
55043,37248747,99.4
55045,37248939,99.4
55047,37249812,99.4
55049,37249814,99.4
55057,37250981,99.4
55067,37256239,99.4
55055,37257894,99.4
55069,37263809,99.4
55061,37264968,99.4
55065,37265763,99.4
55063,37266877,99.4
55059,37266982,99.4
55077,37273659,99.4
55078,37273660,99.4
55071,37278125,99.4
55075,37290068,99.5
55073,37293535,99.5
55085,37377152,99.7
55099,37378648,99.7
55083,37387400,99.7
55079,37388975,99.7
55081,37391026,99.7
55091,37395312,99.8
55097,37401601,99.8
55095,37402782,99.8
55087,37409786,99.8
55089,37409812,99.8
55093,37410470,99.8
55103,37415000,99.8
55107,37415157,99.8
55105,37420525,99.8
55101,37427402,99.8
55115,37435152,99.9
55113,37436935,99.9
55123,37444737,99.9
55119,37447966,99.9
55109,37448144,99.9
55111,37448185,99.9
55117,37448234,99.9
55121,37450838,99.9
55125,37453450,99.9
55129,37454211,99.9
55131,37460091,99.9
55127,37462448,99.9
55133,37482305,100.0
55135,37482515,100.0
55137,37484752,100.0
56007,37485008,100.0
78020,37485816,100.0
55141,37486298,100.0
56001,37486318,100.0
56003,37486327,100.0
56011,37486378,100.0
56013,37486432,100.0
56017,37486433,100.0
56019,37486436,100.0
55139,37486736,100.0
56041,37487232,100.0
56043,37487234,100.0
56029,37487372,100.0
56035,37487378,100.0
56037,37487456,100.0
56039,37487479,100.0
78030,37487723,100.0
56021,37487760,100.0
78010,37487835,100.0
56025,37487875,100.0
56023,37487908,100.0
